full:impala-media-production.s3.amazonaws.com
full:gigabyte2.azureedge.net
full:sa78gs.wpc.edgecastcdn.net
full:sni1dcb6gl.wpc.edgecastcdn.net
full:lgelectronics.122.2o7.net
full:3dns-1.adobe.com
full:3dns-2.adobe.com
full:3dns-3.adobe.com
full:3dns-4.adobe.com
full:3dns-5.adobe.com
full:3dns.adobe.com
full:activate-sea.adobe.com
full:activate-sjc0.adobe.com
full:activate.adobe.com
full:activate.wip1.adobe.com
full:activate.wip2.adobe.com
full:activate.wip3.adobe.com
full:activate.wip4.adobe.com
full:adobe-dns-1.adobe.com
full:adobe-dns-2.adobe.com
full:adobe-dns-3.adobe.com
full:adobe-dns-4.adobe.com
full:adobe-dns.adobe.com
full:adobeereg.com
full:crl.versign.net
full:ereg.adobe.com
full:ereg.wip.adobe.com
full:ereg.wip1.adobe.com
full:ereg.wip2.adobe.com
full:ereg.wip3.adobe.com
full:ereg.wip4.adobe.com
full:hl2rcv.adobe.com
full:hlrcv.stage.adobe.com
full:lm.licenses.adobe.com
full:lmlicenses.wip4.adobe.com
full:na1r.services.adobe.com
full:ood.opsource.net
full:practivate.adobe.com
full:wip.adobe.com
full:wip1.adobe.com
full:wip2.adobe.com
full:wip3.adobe.com
full:wip4.adobe.com
full:wwis-dubc1-vip100.adobe.com
full:wwis-dubc1-vip101.adobe.com
full:wwis-dubc1-vip102.adobe.com
full:wwis-dubc1-vip103.adobe.com
full:wwis-dubc1-vip104.adobe.com
full:wwis-dubc1-vip105.adobe.com
full:wwis-dubc1-vip106.adobe.com
full:wwis-dubc1-vip107.adobe.com
full:wwis-dubc1-vip108.adobe.com
full:wwis-dubc1-vip109.adobe.com
full:wwis-dubc1-vip110.adobe.com
full:wwis-dubc1-vip111.adobe.com
full:wwis-dubc1-vip112.adobe.com
full:wwis-dubc1-vip113.adobe.com
full:wwis-dubc1-vip114.adobe.com
full:wwis-dubc1-vip115.adobe.com
full:wwis-dubc1-vip116.adobe.com
full:wwis-dubc1-vip117.adobe.com
full:wwis-dubc1-vip118.adobe.com
full:wwis-dubc1-vip119.adobe.com
full:wwis-dubc1-vip120.adobe.com
full:wwis-dubc1-vip121.adobe.com
full:wwis-dubc1-vip122.adobe.com
full:wwis-dubc1-vip123.adobe.com
full:wwis-dubc1-vip124.adobe.com
full:wwis-dubc1-vip125.adobe.com
full:wwis-dubc1-vip30.adobe.com
full:wwis-dubc1-vip31.adobe.com
full:wwis-dubc1-vip32.adobe.com
full:wwis-dubc1-vip33.adobe.com
full:wwis-dubc1-vip34.adobe.com
full:wwis-dubc1-vip35.adobe.com
full:wwis-dubc1-vip36.adobe.com
full:wwis-dubc1-vip37.adobe.com
full:wwis-dubc1-vip38.adobe.com
full:wwis-dubc1-vip39.adobe.com
full:wwis-dubc1-vip40.adobe.com
full:wwis-dubc1-vip41.adobe.com
full:wwis-dubc1-vip42.adobe.com
full:wwis-dubc1-vip43.adobe.com
full:wwis-dubc1-vip44.adobe.com
full:wwis-dubc1-vip45.adobe.com
full:wwis-dubc1-vip46.adobe.com
full:wwis-dubc1-vip47.adobe.com
full:wwis-dubc1-vip48.adobe.com
full:wwis-dubc1-vip49.adobe.com
full:wwis-dubc1-vip50.adobe.com
full:wwis-dubc1-vip51.adobe.com
full:wwis-dubc1-vip52.adobe.com
full:wwis-dubc1-vip53.adobe.com
full:wwis-dubc1-vip54.adobe.com
full:wwis-dubc1-vip55.adobe.com
full:wwis-dubc1-vip56.adobe.com
full:wwis-dubc1-vip57.adobe.com
full:wwis-dubc1-vip58.adobe.com
full:wwis-dubc1-vip59.adobe.com
full:wwis-dubc1-vip60.adobe.com
full:wwis-dubc1-vip61.adobe.com
full:wwis-dubc1-vip62.adobe.com
full:wwis-dubc1-vip63.adobe.com
full:wwis-dubc1-vip64.adobe.com
full:wwis-dubc1-vip65.adobe.com
full:wwis-dubc1-vip66.adobe.com
full:wwis-dubc1-vip67.adobe.com
full:wwis-dubc1-vip68.adobe.com
full:wwis-dubc1-vip69.adobe.com
full:wwis-dubc1-vip70.adobe.com
full:wwis-dubc1-vip71.adobe.com
full:wwis-dubc1-vip72.adobe.com
full:wwis-dubc1-vip73.adobe.com
full:wwis-dubc1-vip74.adobe.com
full:wwis-dubc1-vip75.adobe.com
full:wwis-dubc1-vip76.adobe.com
full:wwis-dubc1-vip77.adobe.com
full:wwis-dubc1-vip78.adobe.com
full:wwis-dubc1-vip79.adobe.com
full:wwis-dubc1-vip80.adobe.com
full:wwis-dubc1-vip81.adobe.com
full:wwis-dubc1-vip82.adobe.com
full:wwis-dubc1-vip83.adobe.com
full:wwis-dubc1-vip84.adobe.com
full:wwis-dubc1-vip85.adobe.com
full:wwis-dubc1-vip86.adobe.com
full:wwis-dubc1-vip87.adobe.com
full:wwis-dubc1-vip88.adobe.com
full:wwis-dubc1-vip89.adobe.com
full:wwis-dubc1-vip90.adobe.com
full:wwis-dubc1-vip91.adobe.com
full:wwis-dubc1-vip92.adobe.com
full:wwis-dubc1-vip93.adobe.com
full:wwis-dubc1-vip94.adobe.com
full:wwis-dubc1-vip95.adobe.com
full:wwis-dubc1-vip96.adobe.com
full:wwis-dubc1-vip97.adobe.com
full:wwis-dubc1-vip98.adobe.com
full:wwis-dubc1-vip99.adobe.com
full:hpstore.corpmerchandise.com
full:fbcdn-a.akamaihd.net
full:developers.facebook.com
full:cdn.js7k.com
full:google-ohttp-relay-safebrowsing.fastly-edge.com
full:scholar.google.ae
full:scholar.google.at
full:scholar.google.be
full:scholar.google.bg
full:scholar.google.ca
full:scholar.google.cat
full:scholar.google.ch
full:scholar.google.cl
full:scholar.google.cn
full:scholar.google.co.cr
full:scholar.google.co.id
full:scholar.google.co.il
full:scholar.google.co.in
full:scholar.google.co.jp
full:scholar.google.co.kr
full:scholar.google.co.nz
full:scholar.google.co.th
full:scholar.google.co.uk
full:scholar.google.co.ve
full:scholar.google.co.za
full:scholar.google.com
full:scholar.google.com.ar
full:scholar.google.com.au
full:scholar.google.com.bo
full:scholar.google.com.br
full:scholar.google.com.co
full:scholar.google.com.cu
full:scholar.google.com.do
full:scholar.google.com.ec
full:scholar.google.com.eg
full:scholar.google.com.gt
full:scholar.google.com.hk
full:scholar.google.com.ly
full:scholar.google.com.mx
full:scholar.google.com.my
full:scholar.google.com.ni
full:scholar.google.com.pa
full:scholar.google.com.pe
full:scholar.google.com.ph
full:scholar.google.com.pk
full:scholar.google.com.pr
full:scholar.google.com.py
full:scholar.google.com.sg
full:scholar.google.com.sv
full:scholar.google.com.tr
full:scholar.google.com.tw
full:scholar.google.com.ua
full:scholar.google.com.uy
full:scholar.google.com.vn
full:scholar.google.cz
full:scholar.google.de
full:scholar.google.dk
full:scholar.google.es
full:scholar.google.fi
full:scholar.google.fr
full:scholar.google.gr
full:scholar.google.hn
full:scholar.google.hr
full:scholar.google.hu
full:scholar.google.is
full:scholar.google.it
full:scholar.google.li
full:scholar.google.lt
full:scholar.google.lu
full:scholar.google.lv
full:scholar.google.nl
full:scholar.google.no
full:scholar.google.pl
full:scholar.google.pt
full:scholar.google.ro
full:scholar.google.ru
full:scholar.google.se
full:scholar.google.si
full:scholar.google.sk
full:scholar.googleusercontent.com
full:scholar.l.google.com
full:yt3.googleusercontent.com
full:ai.google.dev
full:alkalicore-pa.clients6.google.com
full:alkalimakersuite-pa.clients6.google.com
full:webchannel-alkalimakersuite-pa.clients6.google.com
full:cloudaicompanion.googleapis.com
full:cloudcode-pa.googleapis.com
full:daily-cloudcode-pa.googleapis.com
full:notebooklm-pa.googleapis.com
full:notebooklm.googleapis.com
full:antigravity-pa.googleapis.com
full:antigravity.googleapis.com
full:publicca.googleapis.com
full:preprod-publicca.googleapis.com
full:clients1.google.com
full:pki.google.com
full:alt7-mtalk.google.com
full:alt8-mtalk.google.com
full:mtalk-dev.google.com
full:mtalk-staging.google.com
full:mtalk4.google.com
full:android.googlesource.com
full:firebase.google.com
full:firebase.googleapis.com
full:firebaseappcheck.googleapis.com
full:firebasedynamiclinks-ipv4.googleapis.com
full:firebasedynamiclinks-ipv6.googleapis.com
full:firebasedynamiclinks.googleapis.com
full:firebaseinappmessaging.googleapis.com
full:firebaseinstallations.googleapis.com
full:firebaselogging-pa.googleapis.com
full:firebaselogging.googleapis.com
full:firebaseperusertopics-pa.googleapis.com
full:firebaseremoteconfig.googleapis.com
full:img-prod-cms-rt-microsoft-com.akamaized.net
full:img-s-msn-com.akamaized.net
full:mwf-service.akamaized.net
full:officecdn-microsoft-com.akamaized.net
full:statics-marketingsites-eas-ms-com.akamaized.net
full:statics-marketingsites-eus-ms-com.akamaized.net
full:statics-marketingsites-wcus-ms-com.akamaized.net
full:location.microsoft.com
full:github-api.arkoselabs.com
full:github-cloud.s3.amazonaws.com
full:github-production-release-asset-2e65be.s3.amazonaws.com
full:github-production-repository-file-5c1aeb.s3.amazonaws.com
full:github-production-repository-image-32fea6.s3.amazonaws.com
full:github-production-upload-manifest-file-7fdce7.s3.amazonaws.com
full:github-production-user-asset-6210df.s3.amazonaws.com
full:productionresultssa0.blob.core.windows.net
full:productionresultssa1.blob.core.windows.net
full:productionresultssa2.blob.core.windows.net
full:productionresultssa3.blob.core.windows.net
full:productionresultssa4.blob.core.windows.net
full:productionresultssa5.blob.core.windows.net
full:productionresultssa6.blob.core.windows.net
full:productionresultssa7.blob.core.windows.net
full:productionresultssa8.blob.core.windows.net
full:productionresultssa9.blob.core.windows.net
full:productionresultssa10.blob.core.windows.net
full:productionresultssa11.blob.core.windows.net
full:productionresultssa12.blob.core.windows.net
full:productionresultssa13.blob.core.windows.net
full:productionresultssa14.blob.core.windows.net
full:productionresultssa15.blob.core.windows.net
full:productionresultssa16.blob.core.windows.net
full:productionresultssa17.blob.core.windows.net
full:productionresultssa18.blob.core.windows.net
full:productionresultssa19.blob.core.windows.net
full:copilot-proxy.githubusercontent.com
full:copilot-workspace.githubnext.com
full:copilotprodattachments.blob.core.windows.net
full:az764295.vo.msecnd.net
full:bingsettingssearch.trafficmanager.net
full:default.exp-tas.com
full:developer.microsoft.com
full:dtlgalleryint.cloudapp.net
full:packages.microsoft.com
full:poshtestgallery.cloudapp.net
full:psg-int-centralus.cloudapp.net
full:psg-int-eastus.cloudapp.net
full:rink.hockeyapp.net
full:vscode-sync-insiders.trafficmanager.net
full:vscode-sync.trafficmanager.net
full:vscode.blob.core.windows.net
full:vscode.search.windows.net
full:vsmarketplacebadge.apphb.com
full:crl.microsoft.com
full:mscrl.microsoft.com
full:ocsp.microsoft.com
full:oneocsp.microsoft.com
full:www.microsoft.com
full:flightsimulator.azureedge.net
full:prodforza.blob.core.windows.net
full:azure.microsoft.com
full:azuremarketplace.microsoft.com
full:dell.my.site.com
full:st-ok-pts.cdn-vk.ru
full:st-ok.cdn-vk.ru
full:apple.com.akadns.net
full:configuration-lb.ls-apple.com.akadns.net
full:push-apple.com.akadns.net
full:beatselectronicsllc.tt.omtrdc.net
full:www-cdn.icloud.com.akadns.net
full:notary-submissions-prod.s3-accelerate.amazonaws.com
full:notary-submissions-prod.s3.us-west-2.amazonaws.com
full:appleworldwidedeveloper.hb-api.omtrdc.net
full:appleworldwidedeveloper.sc.omtrdc.net
full:p-events-delivery.akamaized.net
full:apple-tv-plus-press.apple.com
full:hls-amt.itunes.apple.com
full:hls.itunes.apple.com
full:np-edge.itunes.apple.com
full:play-edge.itunes.apple.com
full:tv.applemusic.com
full:uts-api.itunes.apple.com
full:cisco.evergage.com
full:ciscolivehls-i.akamaihd.net
full:hpefonts.s3.amazonaws.com
full:qualcomm.sc.omtrdc.net
full:d1v5ir2lpwr8os.cloudfront.net
full:d22qjgkvxw22r6.cloudfront.net
full:d25xi40x97liuc.cloudfront.net
full:d27xxe7juh1us6.cloudfront.net
full:dmqdd6hw24ucf.cloudfront.net
full:images-eu.ssl-images-amazon.com
full:images-na.ssl-images-amazon.com
full:images-fe.ssl-images-amazon.com
full:msh.amazon.co.uk
full:static.siege-amazon.com
full:faronics.kayako.com
full:mdn.mozillademos.org
full:mozilla-ohttp.fastly-edge.com
full:mozilla.map.fastly.net
full:vmware.tt.omtrdc.net
full:nvidia.custhelp.com
full:nvidia.tt.omtrdc.net
full:api.viu.now.com
full:dfp6rglgjqszk.cloudfront.net
full:d1k2us671qcoau.cloudfront.net
full:d2anahhhmp1ffz.cloudfront.net
full:cdn.js7k.com
full:client-teamviewer-com.trafficmanager.net
full:teamviewer.com.cdn.cloudflare.net
domain:intuit
domain:panasonic
domain:flickr
domain:yahoo
domain:weather
domain:weatherchannel
domain:ibm
domain:playstation
domain:sony
domain:aws
domain:imdb
domain:kindle
domain:zappos
domain:yamaxun
domain:xn--jlq480n2rg
domain:xn--cckwcxetd
domain:amazon
domain:godaddy
domain:gmo
domain:cisco
domain:apple
domain:canon
domain:dell
domain:java
domain:oracle
domain:microsoft
domain:xbox
domain:azure
domain:windows
domain:skype
domain:office
domain:hotmail
domain:bing
domain:hangout
domain:guge
domain:google
domain:goog
domain:xn--flw351e
domain:xn--qcka1pmc
domain:android
domain:youtube
domain:chrome
domain:gmail
domain:gle
domain:gbiz
domain:dclk
domain:nexus
domain:yandex
domain:xn--cg4bki
domain:samsung
domain:foundationdb.org
domain:makeshop.jp
domain:men.com
domain:porniq.com
domain:pornmd.com
domain:seancody.com
domain:thumbzilla.com
domain:twistys.com
domain:webcams.tv
domain:whynotbi.com
domain:brazzer.com
domain:brazzers.com
domain:brazzers.xxx
domain:brazzersnetwork.com
domain:mofos.com
domain:digitalplayground.com
domain:digitalplaygroundnetwork.com
domain:realitykings.com
domain:rk.com
domain:tube8.com
domain:tube8.fr
domain:extremetube.com
domain:keezmovies.com
domain:youporn.com
domain:youporngay.com
domain:youpornpremium.com
domain:youpornru.com
domain:yopornshop.com
domain:ypncdn.com
domain:mydirtyhobby.com
domain:mdhcdn.com
domain:nutaku.com
domain:nutaku.net
domain:gaytube.com
domain:phncdn.com
domain:phprcdn.com
domain:porngub.com
domain:pornhub-deutsch.net
domain:pornhubapparel.com
domain:pornhub.com
domain:pornhub.org
domain:pornhubpremium.com
domain:livehdcams.com
domain:redtube.com
domain:redtubepremium.com
domain:rdtcdn.com
domain:gofile.me
domain:quickconnect.to
domain:synology.com
domain:synologydownload.com
domain:synologyupdate.com
domain:diskstation.me
domain:dscloud.biz
domain:apple.hu
domain:dscloud.mobi
domain:dsmynas.com
domain:dsmynas.net
domain:dsmynas.org
domain:familyds.com
domain:familyds.net
domain:familyds.org
domain:i234.me
domain:myds.me
domain:synology.me
domain:uber-assets.com
domain:uber.com
domain:ubereats.com
domain:emome.net
domain:hinet.net
domain:xuite.net
domain:mxlogin.com
domain:mxroute.com
domain:mxroutedocs.com
domain:mxroutehelp.com
domain:facct.ru
domain:facct.email
domain:f6.security
domain:f6.ru
domain:mxrouting.net
domain:plex.com
domain:plex.services
domain:plex.tv
domain:plexapp.com
domain:atl-paas.net
domain:atlassian-dev.net
domain:atlassian.com
domain:atlassian.net
domain:bitbucket.io
domain:bitbucket.org
domain:jira.com
domain:ss-inf.net
domain:statuspage.io
domain:trello.com
domain:trellocdn.com
domain:mindgeek.com
domain:quickbooks.com
domain:intuitinnovationday.com
domain:gopayments.com
domain:intuit-gopayment.com
domain:mailchimp.com
domain:turbotax.com
domain:intuit.com
domain:myproseries.com
domain:intuit.fr
domain:payroll.com
domain:intuitbenefits.com
domain:intuitcdn.net
domain:intuitfullservicepayroll.com
domain:quickbooks.fr
domain:intuitlabs.com
domain:intuitpayments.com
domain:intuit.ca
domain:gopayment.com
domain:intuitaffiliate.com
domain:proseries.com
domain:turbo.com
domain:quickbooksonline.com
domain:quickbooksenligne.ca
domain:creditkarma.com
domain:quickbooks2000.com
domain:quickbooks.in
domain:f6.dev
domain:groupib.us
domain:groupib.sg
domain:antiphishing.nl
domain:group-ib.us
domain:group-ib.sg
domain:group-ib.ru
domain:group-ib.eu
domain:group-ib.de
domain:antiphishing.ru
domain:future-cs.ru
domain:chipcore.com
domain:chipcore.ru
domain:haicomdc.com
domain:haicomdc.ru
domain:haicomgroup.ru
domain:itirex.ru
domain:selcdn.net
domain:selectel.academy
domain:selectel.blog
domain:selectel.com
domain:selectel.dev
domain:selectel.info
domain:selectel.io
domain:selectel.live
domain:selectel.ru
domain:selectelix.ru
domain:selectelpro.ru
domain:servercore.com
domain:servercore.live
domain:slc.tl
domain:tehnodom.com
domain:vscale.blog
domain:vscale.io
domain:vscale.ru
domain:spacex.com
domain:starlink.com
domain:v.ps
domain:vps.hosting
domain:xtom.au
domain:xtom.com
domain:xtom.de
domain:xtom.ee
domain:xtom.hk
domain:xtom.jp
domain:xtom.nl
domain:xtom.sg
domain:xtom.social
domain:xtom.us
domain:drweb.by
domain:drweb.cn
domain:drweb.com
domain:drweb.fr
domain:drweb.kz
domain:drweb.ru
domain:drweb.uz
domain:drweb-av.de
domain:drweb-av.es
domain:drweb-av.it
domain:drweb-av.pl
domain:group-ib.ae
domain:lg.com
domain:lgappstv.com
domain:lge.com
domain:lgecareers.com
domain:lghvac.com
domain:lghvacstory.com
domain:lgrecyclingprogram.com
domain:lgsalesportal.com
domain:gibtds.ru
domain:motorolacareers.com
domain:motorola.co
domain:motorola.gr
domain:motorola.cl
domain:motorola.com
domain:motorolasolutions.com
domain:hellomoto.com
domain:motorola.vn
domain:motorola.ca
domain:moto.com
domain:motorolanews.com
domain:motorola.net
domain:motorola.it
domain:motorola.in
domain:motorola.de
domain:motorola.es
domain:motorola.fr
domain:gib.sg
domain:gib-global.com
domain:g-ib.us
domain:g-ib.sg
domain:g-ib.ru
domain:g-ib.ae
domain:gibdev.net
domain:cybercrimecon.com
domain:razer.com
domain:razerofficial.com
domain:razersupport.com
domain:razerzone.jp
domain:respawnbyrazer.com
domain:rzr.to
domain:boringcompany.com
domain:10xfotolia.com
domain:2o7.net
domain:acrobat.com
domain:adbecrsl.com
domain:adobe-aemassets-value.com
domain:adobe-audience-finder.com
domain:adobe-video-partner-finder.com
domain:adobe.com
domain:adobe.ly
domain:adobeaemcloud.com
domain:adobeaemcloud.net
domain:adobeawards.com
domain:adobecontent.io
domain:adobecreativityawards.com
domain:adobedc.net
domain:apple.in
domain:adobedtm.com
domain:adobeexchange.com
domain:adobeexperienceawards.com
domain:adobegov.com
domain:adobehiddentreasures.com
domain:adobejanus.com
domain:adobeku.com
domain:adobelanding.com
domain:adobelogin.com
domain:adobeoobe.com
domain:adobeplatinumclub.com
domain:adobeprojectm.com
domain:adobesc.com
domain:adobesign.com
domain:adobesigncdn.com
domain:adobespark.com
domain:adobess.com
domain:adobestock.com
domain:adobetag.com
domain:adobetarget.com
domain:adobetcstrialdvd.com
domain:adobetechcomm.com
domain:adobetechcommcallback.com
domain:adobetechcommdemo.com
domain:adobexdplatform.com
domain:assetsadobe.com
domain:authorxml.com
domain:businesscatalyst.com
domain:ccnsite.com
domain:ccpsx.com
domain:dollarfotoclub.com
domain:dollarphotoclub.com
domain:dollarphotosclub.com
domain:douwriteright.com
domain:echocdn.com
domain:echosign.com
domain:edgefonts.net
domain:enablementadobe.com
domain:ftcdn.net
domain:gostorego.com
domain:imagineecommerce.com
domain:macromedia.com
domain:magentoliveconference.com
domain:marketing-nirvana.com
domain:omniture.com
domain:omtrdc.net
domain:photoshop.com
domain:placesdocs.com
domain:sundanceignite2016.com
domain:worldsecureemail.com
domain:worldsecuresystems.com
domain:adobe.io
domain:developria.com
domain:behance.net
domain:s2stagehance.com
domain:adobecc.com
domain:adobecce.com
domain:adobeccstatic.com
domain:creativecloud.com
domain:creativesdk.com
domain:cotolia.com
domain:ffotolia.com
domain:fiotolia.com
domain:foftolia.com
domain:fonolia.com
domain:fotiolia.com
domain:fotoiia.com
domain:fotolia-noticias.com
domain:fotolia.cc
domain:fotolia.com
domain:fotolia.tv
domain:fotolja.com
domain:fptolia.com
domain:gfotolia.com
domain:motolia.com
domain:photolia.net
domain:tenbyfotolia.com
domain:votolia.com
domain:bluefootcms.com
domain:mageconf.com
domain:magento.com
domain:magento.net
domain:magentocommerce.com
domain:magentomobile.com
domain:marketing-cloud.com
domain:marketo.com
domain:marketo.net
domain:marketo.tv
domain:marketodesigner.com
domain:marketolive.com
domain:mktdns.com
domain:mkto-c0100.com
domain:mktorest.com
domain:mktroute.com
domain:mobilemarketo.com
domain:revenue-performance-management.com
domain:toutapp.com
domain:compresspdf.new
domain:pdf.new
domain:sign.new
domain:scene7.com
domain:adobestats.io
domain:typekit.com
domain:typekit.net
domain:cert-gib.ru
domain:group-ib.com
domain:123-hp.com
domain:123hplaserjet.com
domain:8008206616.com
domain:as-hp.ca
domain:baterias-hp.com
domain:campushp.com
domain:colorprotechnology.com
domain:compaq.org
domain:david-laserscanner.com
domain:demoprint.com
domain:digitalpack.com
domain:eprintsw.com
domain:gaming-notebooks.com
domain:getprintersupports.com
domain:hp-imagine.com
domain:hp-infolab.com
domain:hp-invent.com
domain:hp-invent.info
domain:hp-mns.com
domain:hp-printing.com
domain:hp-webplatform.com
domain:hp-ww.com
domain:hp.com
domain:hp.company
domain:hp.io
domain:hp3d.com
domain:hp3dmetals.com
domain:hp3dprinter.com
domain:hp3dsamplepromo.com
domain:hpallinoneprinter.com
domain:hpapplicationscenter.com
domain:hpbestbuy.com
domain:hpbluecarpet.com
domain:hpbluecarpet.net
domain:hpbuiltforlearning.com
domain:hpbundle.com
domain:hpcampus.com
domain:hpcatridge.com
domain:hpccp.com
domain:hpceo.com
domain:hpcmw.net
domain:hpcodewarsbcn.com
domain:hpcomputers.com
domain:hpcomputerservices.com
domain:hpconnected.com
domain:hpconnected.net
domain:hpconnected.org
domain:hpconnected.us
domain:hpconnectedstage.com
domain:hpcontinuum.com
domain:hpcpi.com
domain:hpcu.org
domain:hpcustomersupport.com
domain:hpcustomersupport.net
domain:hpdaas.com
domain:hpdesignjetl25500.com
domain:hpdesktopcomputer.com
domain:hpdownloadstore.com
domain:hpdreamcolor.com
domain:hpdriver.com
domain:hpdrivers.com
domain:hpdrivers.org
domain:hpeclipse.com
domain:hpengage.com
domain:hpeprint.com
domain:hpeprintcenter.com
domain:hpeurope.com
domain:hpeventcenter.com
domain:hpfaqs.com
domain:hpfeedback.com
domain:hpgift.com
domain:hpgpas.com
domain:hpgraphicspartners.com
domain:hpiie.org
domain:hpinc.info
domain:hpinc.net
domain:hpindigopress.com
domain:hpinkjet.com
domain:hpinstantink.ca
domain:hpinstantink.com
domain:hpkeyboard.com
domain:hplaptop.com
domain:hplaptopbattery.com
domain:hplargeformatremote.com
domain:hplatexknowledgecenter.com
domain:hplfmedia.com
domain:hplip.net
domain:hplipopensource.com
domain:hpmarketplace.com
domain:hpmemorychips.com
domain:hpmicrcartridge.com
domain:hpmini.com
domain:hpmobile.com
domain:hpofficejetprinter.com
domain:hponlinehelp.com
domain:hponlineprinting.com
domain:hppage5000.com
domain:hppavillionlaptop.com
domain:hpphotoscanners.com
domain:hpprinterdrivers.com
domain:hpprinterinstalls.com
domain:hpprintersupplies.com
domain:hpsalescentral.com
domain:hpserver.com
domain:hpservices.com
domain:hpshooping.com
domain:hpshop.com
domain:hpshoping.com
domain:hpshopping.hk
domain:hpsignage.com
domain:hpsmart.com
domain:hpsmarts.com
domain:hpsmartstage.com
domain:hpsmartupdate.com
domain:hpsoftware.com
domain:hpspeaker.com
domain:hpsprocket.com
domain:hpsso.com
domain:hpstore-china.com
domain:hpstore-emea.com
domain:hpstore.com
domain:hpstorethailand.com
domain:hpsupport.com
domain:hpsuresupply.com
domain:hptechventures.com
domain:hpto.net
domain:hptouch.com
domain:hptouchpointmanager.com
domain:hptrainingcenter.com
domain:hpuae.com
domain:hpuniversity.info
domain:hpusertraining.com
domain:hpveer.com
domain:hpvirtualthin.com
domain:hpwallart.com
domain:hpwellnesscentral.com
domain:hpwsn.com
domain:i-123-hp.com
domain:inkchoice.com
domain:instantink.com
domain:leavinghpinc.com
domain:life-global.org
domain:myhpsupport.com
domain:printeron.com
domain:printersetupsupport.com
domain:printspots.com
domain:printspots.net
domain:serviceshp.com
domain:thecompaqstore.com
domain:touchsmartpc.com
domain:touchsmartpc.net
domain:touchsmartpc.org
domain:workstations.tv
domain:www8-hp.com
domain:xn--6eup7j.com
domain:xn--6eup7j.net
domain:nichost.ru
domain:nic.ru
domain:r01.ru
domain:sweb.ru
domain:your-storageshare.de
domain:your-storagebox.de
domain:galaxyappstore.com
domain:galaxymobile.jp
domain:game-platform.net
domain:knoxemm.com
domain:ospserver.net
domain:samsung.com
domain:samsungapps.com
domain:samsungcloud.com
domain:samsungconsent.com
domain:samsungdm.com
domain:samsunggalaxyfriends.com
domain:samsunghealth.com
domain:samsungiotcloud.com
domain:samsungiots.com
domain:samsungknox.com
domain:samsungosp.com
domain:samsungqbe.com
domain:samsungrs.com
domain:smartthings.com
domain:amplifi.com
domain:frontrow.com
domain:ubncloud.com
domain:ui.com
domain:uisp.com
domain:wifiman.com
domain:atmeta.com
domain:llama.com
domain:meta.ai
domain:meta.com
domain:binoculus.com
domain:buyoculus.com
domain:ocul.us
domain:oculus-china.com
domain:oculus.com
domain:oculus2014.com
domain:oculus3d.com
domain:oculusblog.com
domain:oculusbrand.com
domain:oculuscasino.net
domain:oculuscdn.com
domain:oculusconnect.com
domain:oculusdiving.com
domain:oculusforbusiness.com
domain:oculusrift.com
domain:oculusvr.com
domain:powersunitedvr.com
domain:threads.com
domain:threads.net
domain:wa.me
domain:whatsapp-plus.info
domain:whatsapp-plus.me
domain:whatsapp-plus.net
domain:whatsapp.cc
domain:whatsapp.com
domain:whatsapp.info
domain:whatsapp.net
domain:whatsapp.org
domain:whatsapp.tv
domain:whatsappbrand.com
domain:aboutfacebook.com
domain:accessfacebookfromschool.com
domain:acebooik.com
domain:acebook.com
domain:advancediddetection.com
domain:askfacebook.net
domain:askfacebook.org
domain:atdmt2.com
domain:atlasdmt.com
domain:atlasonepoint.com
domain:buyingfacebooklikes.com
domain:careersatfb.com
domain:celebgramme.com
domain:china-facebook.com
domain:click-url.com
domain:como-hackearfacebook.com
domain:crowdtangle.com
domain:dacebook.com
domain:dlfacebook.com
domain:dotfacebook.com
domain:dotfacebook.net
domain:expresswifi.com
domain:faacebok.com
domain:faacebook.com
domain:faasbook.com
domain:facbebook.com
domain:facbeok.com
domain:facboo.com
domain:facbook.com
domain:facbool.com
domain:facboox.com
domain:faccebook.com
domain:faccebookk.com
domain:facdbook.com
domain:facdebook.com
domain:face-book.com
domain:faceabook.com
domain:facebboc.com
domain:facebbook.com
domain:facebboook.com
domain:facebcook.com
domain:facebdok.com
domain:facebgook.com
domain:facebhook.com
domain:facebkkk.com
domain:facebo-ok.com
domain:faceboak.com
domain:facebock.com
domain:facebocke.com
domain:facebof.com
domain:faceboik.com
domain:facebok.com
domain:facebokbook.com
domain:facebokc.com
domain:facebokk.com
domain:facebokok.com
domain:faceboks.com
domain:facebol.com
domain:facebolk.com
domain:facebomok.com
domain:faceboo.com
domain:facebooa.com
domain:faceboob.com
domain:faceboobok.com
domain:facebooc.com
domain:faceboock.com
domain:facebood.com
domain:facebooe.com
domain:faceboof.com
domain:facebooi.com
domain:facebooik.com
domain:facebooik.org
domain:facebooj.com
domain:facebook-corp.com
domain:facebook-covid-19.com
domain:facebook-ebook.com
domain:facebook-forum.com
domain:facebook-hardware.com
domain:facebook-inc.com
domain:facebook-login.com
domain:facebook-newsroom.com
domain:facebook-newsroom.org
domain:facebook-pmdcenter.com
domain:facebook-pmdcenter.net
domain:facebook-pmdcenter.org
domain:facebook-privacy.com
domain:facebook-program.com
domain:facebook-studio.com
domain:facebook-support.org
domain:facebook-texas-holdem.com
domain:facebook-texas-holdem.net
domain:facebook.br
domain:facebook.ca
domain:facebook.cc
domain:facebook.com
domain:facebook.design
domain:facebook.net
domain:facebook.hu
domain:facebook.in
domain:fecebook.net
domain:facebook.nl
domain:facebook.org
domain:facebook.se
domain:facebook.shop
domain:facebook.tv
domain:facebook.us
domain:facebook.wang
domain:facebook123.org
domain:facebook30.com
domain:facebook30.net
domain:facebook30.org
domain:facebook4business.com
domain:facebookadvertisingsecrets.com
domain:facebookatschool.com
domain:facebookawards.com
domain:facebookblueprint.net
domain:facebookbrand.com
domain:facebookbrand.net
domain:facebookcanadianelectionintegrityinitiative.com
domain:facebookcareer.com
domain:facebookcheats.com
domain:facebookck.com
domain:facebookclub.com
domain:facebookcom.com
domain:facebookconsultant.org
domain:facebookcoronavirus.com
domain:facebookcovers.org
domain:facebookcredits.info
domain:facebookdating.net
domain:facebookdusexe.org
domain:facebookemail.com
domain:facebookenespanol.com
domain:facebookexchange.com
domain:facebookexchange.net
domain:facebookfacebook.com
domain:facebookflow.com
domain:facebookgames.com
domain:facebookgraphsearch.com
domain:facebookgraphsearch.info
domain:facebookgroups.com
domain:facebookhome.cc
domain:facebookhome.com
domain:facebookhome.info
domain:facebookhub.com
domain:facebooki.com
domain:facebookinc.com
domain:facebookland.com
domain:facebooklikeexchange.com
domain:facebooklive.com
domain:facebooklivestaging.net
domain:facebooklivestaging.org
domain:facebooklogin.com
domain:facebooklogin.info
domain:facebookloginhelp.net
domain:facebooklogs.com
domain:facebookmail.com
domain:facebookmail.tv
domain:facebookmanager.info
domain:facebookmarketing.info
domain:facebookmarketingpartner.com
domain:facebookmarketingpartners.com
domain:facebookmobile.com
domain:facebookmsn.com
domain:facebooknews.com
domain:facebooknfl.com
domain:facebooknude.com
domain:facebookofsex.com
domain:facebookook.com
domain:facebookpaper.com
domain:facebookpay.com
domain:facebookphonenumber.net
domain:facebookphoto.com
domain:facebookphotos.com
domain:facebookpmdcenter.com
domain:facebookpoke.net
domain:facebookpoke.org
domain:facebookpoker.info
domain:facebookpokerchips.info
domain:facebookporn.net
domain:facebookporn.org
domain:facebookporno.net
domain:facebookportal.com
domain:facebooks.com
domain:facebooksafety.com
domain:facebooksecurity.net
domain:facebookshop.com
domain:facebooksignup.net
domain:facebooksite.net
domain:facebookstories.com
domain:facebookstudios.net
domain:facebookstudios.org
domain:facebooksupplier.com
domain:facebooksuppliers.com
domain:facebookswagemea.com
domain:facebookswagstore.com
domain:facebooksz.com
domain:facebookthreads.net
domain:facebooktv.net
domain:facebooktv.org
domain:facebookvacation.com
domain:facebookw.com
domain:facebookworld.com
domain:facebool.com
domain:facebool.info
domain:facebooll.com
domain:faceboom.com
domain:faceboon.com
domain:faceboonk.com
domain:faceboooik.com
domain:faceboook.com
domain:faceboop.com
domain:faceboot.com
domain:faceboox.com
domain:facebopk.com
domain:facebpook.com
domain:facebuk.com
domain:facebuok.com
domain:facebvook.com
domain:facebyook.com
domain:facebzook.com
domain:facecbgook.com
domain:facecbook.com
domain:facecbook.org
domain:facecook.com
domain:facecook.org
domain:facedbook.com
domain:faceebok.com
domain:faceebook.com
domain:faceebot.com
domain:facegbok.com
domain:facegbook.com
domain:faceobk.com
domain:faceobok.com
domain:faceobook.com
domain:faceook.com
domain:facerbooik.com
domain:facerbook.com
domain:facesbooc.com
domain:facesounds.com
domain:facetook.com
domain:facevbook.com
domain:facewbook.co
domain:facewook.com
domain:facfacebook.com
domain:facfebook.com
domain:fackebook.com
domain:facnbook.com
domain:facrbook.com
domain:facvebook.com
domain:facwebook.com
domain:facxebook.com
domain:fadebook.com
domain:faebok.com
domain:faebook.com
domain:faebookc.com
domain:faeboook.com
domain:faecebok.com
domain:faesebook.com
domain:fafacebook.com
domain:faicbooc.com
domain:fasebokk.com
domain:fasebook.com
domain:faseboox.com
domain:favebook.com
domain:faycbok.com
domain:fb.careers
domain:fb.com
domain:fb.gg
domain:fb.me
domain:fb.watch
domain:fbacebook.com
domain:fbbmarket.com
domain:fbboostyourbusiness.com
domain:fbcdn.com
domain:fbcdn.net
domain:fbfeedback.com
domain:fbhome.com
domain:fbidb.io
domain:fbinc.com
domain:fbinnovation.com
domain:fbmarketing.com
domain:fbreg.com
domain:fbrpms.com
domain:fbsbx.com
domain:fbsbx.net
domain:fbsupport-covid.net
domain:fbthirdpartypixel.com
domain:fbthirdpartypixel.net
domain:fbthirdpartypixel.org
domain:fburl.com
domain:fbwat.ch
domain:fbworkmail.com
domain:fcacebook.com
domain:fcaebook.com
domain:fcebook.com
domain:fcebookk.com
domain:fcfacebook.com
domain:fdacebook.info
domain:feacboo.com
domain:feacbook.com
domain:feacbooke.com
domain:feacebook.com
domain:fecbbok.com
domain:fecbooc.com
domain:fecbook.com
domain:feceboock.com
domain:feceboox.com
domain:fececbook.com
domain:feook.com
domain:ferabook.com
domain:fescebook.com
domain:fesebook.com
domain:ffacebook.com
domain:fgacebook.com
domain:ficeboock.com
domain:fmcebook.com
domain:fnacebook.com
domain:fosebook.com
domain:fpacebook.com
domain:fqcebook.com
domain:fracebook.com
domain:freeb.com
domain:freebasics.com
domain:freebasics.net
domain:freebs.com
domain:freefacebook.com
domain:freefacebook.net
domain:freefacebookads.net
domain:freefblikes.com
domain:freindfeed.com
domain:friendbook.info
domain:friendfed.com
domain:friendfeed-api.com
domain:friendfeed-media.com
domain:friendfeed.com
domain:friendfeedmedia.com
domain:fsacebok.com
domain:fscebook.com
domain:fundraisingwithfacebook.com
domain:funnyfacebook.org
domain:futureofbusinesssurvey.org
domain:gacebook.com
domain:gameroom.com
domain:gfacecbook.com
domain:groups.com
domain:hackerfacebook.com
domain:hackfacebook.com
domain:hackfacebookid.com
domain:hifacebook.info
domain:howtohackfacebook-account.com
domain:hsfacebook.com
domain:httpfacebook.com
domain:httpsfacebook.com
domain:httpwwwfacebook.com
domain:i.org
domain:internet.org
domain:klik.me
domain:liverail.com
domain:liverail.tv
domain:login-account.net
domain:markzuckerberg.com
domain:midentsolutions.com
domain:mobilefacebook.com
domain:moneywithfacebook.com
domain:myfbfans.com
domain:newsfeed.com
domain:nextstop.com
domain:online-deals.net
domain:opencreate.org
domain:reachtheworldonfacebook.com
domain:shopfacebook.com
domain:sportsfacebook.com
domain:sportstream.com
domain:supportfacebook.com
domain:terragraph.com
domain:thefacebook.com
domain:thefacebook.net
domain:thefind.com
domain:toplayerserver.com
domain:viewpointsfromfacebook.com
domain:whyfacebook.com
domain:worldhack.com
domain:www-facebook.com
domain:wwwfacebok.com
domain:wwwfacebook.com
domain:wwwmfacebook.com
domain:zuckerberg.com
domain:zuckerberg.net
domain:facebookwork.com
domain:redkix.com
domain:workplace.com
domain:workplaceusecases.com
domain:accountkit.com
domain:atscaleconference.com
domain:botorch.org
domain:buck.build
domain:buckbuild.com
domain:componentkit.org
domain:draftjs.org
domain:f8.com
domain:facebookappcenter.info
domain:facebookappcenter.net
domain:facebookappcenter.org
domain:facebookconnect.com
domain:facebookdevelopergarage.com
domain:faciometrics.com
domain:fasttext.cc
domain:fbf8.com
domain:fbinfer.com
domain:fblitho.com
domain:fbredex.com
domain:fbrell.com
domain:flow.dev
domain:flow.org
domain:flowtype.org
domain:frescolib.org
domain:hacklang.org
domain:hhvm.com
domain:makeitopen.com
domain:mcrouter.net
domain:mcrouter.org
domain:messengerdevelopers.com
domain:ogp.me
domain:opengraphprotocol.com
domain:opengraphprotocol.org
domain:parse.com
domain:pyrobot.org
domain:react.com
domain:reactjs.com
domain:reactjs.org
domain:recoiljs.org
domain:rocksdb.com
domain:rocksdb.net
domain:rocksdb.org
domain:yogalayout.com
domain:achat-followers-instagram.com
domain:acheter-followers-instagram.com
domain:acheterdesfollowersinstagram.com
domain:acheterfollowersinstagram.com
domain:bookstagram.com
domain:carstagram.com
domain:cdninstagram.com
domain:chickstagram.com
domain:ig.me
domain:igcdn.com
domain:igsonar.com
domain:igtv.com
domain:imstagram.com
domain:imtagram.com
domain:instaadder.com
domain:instachecker.com
domain:instafallow.com
domain:instafollower.com
domain:instagainer.com
domain:instagda.com
domain:instagify.com
domain:instagmania.com
domain:instagor.com
domain:instagram-brand.com
domain:instagram-engineering.com
domain:instagram-help.com
domain:instagram-press.com
domain:instagram-press.net
domain:instagram.com
domain:instagramci.com
domain:instagramcn.com
domain:instagramdi.com
domain:instagramhashtags.net
domain:instagramhilecim.com
domain:instagramhilesi.org
domain:instagramium.com
domain:instagramizlenme.com
domain:instagramkusu.com
domain:instagramlogin.com
domain:instagramm.com
domain:instagramn.com
domain:instagrampartners.com
domain:instagramphoto.com
domain:instagramq.com
domain:instagramsepeti.com
domain:instagramtakipcisatinal.net
domain:instagramtakiphilesi.com
domain:instagramtips.com
domain:instagramtr.com
domain:instagran.com
domain:instagranm.com
domain:instagrem.com
domain:instagrm.com
domain:instagtram.com
domain:instagy.com
domain:instamgram.com
domain:instangram.com
domain:instanttelegram.com
domain:instaplayer.net
domain:instastyle.tv
domain:instgram.com
domain:intagram.com
domain:intagrm.com
domain:intgram.com
domain:kingstagram.com
domain:lnstagram-help.com
domain:theinstagramhack.com
domain:oninstagram.com
domain:online-instagram.com
domain:onlineinstagram.com
domain:web-instagram.net
domain:wwwinstagram.com
domain:fbmessenger.com
domain:m.me
domain:messenger.com
domain:nbabot.net
domain:appcloud.com
domain:appexchange.com
domain:attic.io
domain:beyondcore.com
domain:buddymedia.com
domain:chatter.com
domain:cloudcraze.com
domain:cotweet.com
domain:data.com
domain:demandware.com
domain:desk.com
domain:documentforce.com
domain:dreamforce.com
domain:einstein.com
domain:exacttarget.com
domain:force.com
domain:govforce.com
domain:gravitytank.com
domain:heywire.com
domain:krux.com
domain:marketingcloud.com
domain:metamind.io
domain:pardot.com
domain:quotable.com
domain:radian6.com
domain:relateiq.com
domain:salesforce-setup.com
domain:salesforce-sites.com
domain:salesforce.com
domain:salesforce.org
domain:salesforceiq.com
domain:salesforceliveagent.com
domain:salesforcemarketingcloud.com
domain:sequence.com
domain:sfdcstatic.com
domain:sforce.com
domain:site.com
domain:social.com
domain:steelbrick.com
domain:twinprime.com
domain:weinvoiceit.com
domain:securecloudtransformation.com
domain:securitypreview.com
domain:threatlabz.com
domain:zdxbeta.net
domain:zdxcloud.net
domain:zpagov.net
domain:zpath.com
domain:zscaler.com
domain:zscaler.jp
domain:zscaler.net
domain:zscalerbeta.net
domain:zscalergov.net
domain:zscalerone.net
domain:zscalershift.com
domain:zscalerthree.net
domain:zscalertwo.net
domain:zscloud.net
domain:beget.com
domain:beget.ru
domain:blurams.app
domain:blurams.com
domain:duolingo.com
domain:internetdownloadmanager.com
domain:registeridm.com
domain:tonec.com
domain:acer-group.com
domain:acer.com
domain:your-server.de
domain:your-objectstorage.com
domain:yahoo.ps
domain:yahoo.sn
domain:yahoo.at
domain:yahoo.az
domain:yahoo.ba
domain:yahoo.be
domain:yahoo.bg
domain:yahoo.bi
domain:yahoo.bs
domain:yahoo.bt
domain:yahoo.by
domain:yahoo.ca
domain:yahoo.cat
domain:yahoo.cd
domain:yahoo.cg
domain:yahoo.ch
domain:yahoo.cl
domain:yahoo.cm
domain:staticflickr.com
domain:flickr.net
domain:flickr.com
domain:flic.kr
domain:yahoo.ae
domain:yusercontent.com
domain:ymail.com
domain:yimg.jp
domain:yimg.com
domain:yho.com
domain:yahoosportsbook.com
domain:yahoosandbox.com
domain:yahoomusic.com
domain:yahoohealth.com
domain:yahoofinance.com
domain:yahoodns.net
domain:yahooapis.com
domain:techcrunch.com
domain:yahoo.com
domain:myguide.hk
domain:maktoob.com
domain:yahoo.ws
domain:yahoo.vg
domain:yahoo.tn
domain:yahoo.as
domain:yahoo.tm
domain:yahoo.tl
domain:yahoo.de
domain:yahoo.tk
domain:yahoo.tg
domain:yahoo.st
domain:yahoo.sr
domain:yahoo.so
domain:yahoo.is
domain:yahoo.sm
domain:yahoo.sk
domain:yahoo.si
domain:yahoo.dk
domain:yahoo.sg
domain:yahoo.dj
domain:yahoo.se
domain:yahoo.rw
domain:yahoo.ru
domain:yahoo.ro
domain:yahoo.pt
domain:yahoo.am
domain:yahoo.pn
domain:yahoo.pl
domain:yahoo.ph
domain:yahoo.nu
domain:yahoo.no
domain:yahoo.nl
domain:yahoo.net
domain:yahoo.mx
domain:yahoo.mw
domain:yahoo.mk
domain:yahoo.me
domain:yahoo.md
domain:yahoo.lv
domain:yahoo.lu
domain:yahoo.lt
domain:yahoo.la
domain:yahoo.jo
domain:yahoo.cz
domain:yahoo.je
domain:yahoo.it
domain:yahoo.sh
domain:yahoo.dm
domain:yahoo.ee
domain:yahoo.es
domain:yahoo.fi
domain:yahoo.fm
domain:yahoo.fr
domain:yahoo.ge
domain:yahoo.gg
domain:yahoo.gl
domain:yahoo.gm
domain:yahoo.gp
domain:yahoo.gr
domain:yahoo.gy
domain:yahoo.hk
domain:yahoo.hr
domain:yahoo.hu
domain:yahoo.ie
domain:yahoo.im
domain:yahoo.in
domain:cert-gib.com
domain:groupib.ae
domain:xn--74q434dwff.net
domain:xn--74q434dwff.com
domain:vrnastran.com
domain:vredprofessional.com
domain:vredessentials.com
domain:vred-essentials.com
domain:vortexmachining.com
domain:viriondb.com
domain:velatest.com
domain:velasystems.com
domain:velasync.com
domain:velastaging.com
domain:velaserver.com
domain:upfrontfea.com
domain:upfrontcfd.com
domain:tyrecadcam.com
domain:tyre-cadcam.com
domain:tweaksoftware.com
domain:tweakfilms.com
domain:tweakadmin.com
domain:tsplines.com
domain:tspline.com
domain:trydesign.com
domain:tryalias.com
domain:trusteddwg.com
domain:trusted-dwg.com
domain:trunest.com
domain:truedwg.com
domain:truebim.com
domain:toycadcam.com
domain:toy-cadcam.com
domain:topobase.com
domain:toolmaking-cadcam.com
domain:tire-cadcam.com
domain:tinkerplay.net
domain:tinkerentertainment.com
domain:tinkercad.com
domain:tinkerboxapp.com
domain:timefxapp.com
domain:theinventionworks.net
domain:theinventionworks.com
domain:thedesk.com
domain:thedesignworkshop.com
domain:the123d.com
domain:the-area.com
domain:t-splines.com
domain:swiss-turn.com
domain:swiss-machining.com
domain:suxiebu.com
domain:sustainabledesigncouncil.net
domain:sustainabledesigncouncil.com
domain:sustainablebuildingstudio.com
domain:submittal-log.com
domain:studiosucks.com
domain:studiopaint.com
domain:stingrayengine.com
domain:ssttest.net
domain:squidplatform.com
domain:squ1.com
domain:socialkam.com
domain:socialcammail.com
domain:second-ns.de
domain:yandex.lt
domain:yandex.fr
domain:cabconnect.org
domain:clck.ru
domain:clstorage.net
domain:driveawaytaxi.org
domain:elama.ru
domain:gogettaxi.org
domain:goup.ai
domain:hayya.ae
domain:meteum.ai
domain:my-manager-account.com
domain:naydex.net
domain:realtyverif.ru
domain:rostaxi.org
domain:shedevrum.ai
domain:sourcecraft.dev
domain:static-storage.net
domain:support-uber.com
domain:taxiaid.org
domain:taxiguru.org
domain:taxitax.org
domain:turbopages.org
domain:ya.cc
domain:yandex.md
domain:yandex-bank.net
domain:yandex-team.ru
domain:yandex.aero
domain:yandex.asia
domain:yandex.az
domain:yandex.by
domain:yandex.cloud
domain:yandex.com
domain:yandex.de
domain:yandex.ee
domain:yandex.eu
domain:yandex.fi
domain:kinopoisk.ru
domain:yandex.lv
domain:yandex.mobi
domain:yandex.jobs
domain:yandex.kg
domain:yandex.kz
domain:xn--d1acpjx3f.xn--p1ai
domain:yndx.net
domain:ya.ru
domain:berizaryad.ru
domain:yandex.net
domain:yandex.org
domain:yandex.pl
domain:yandex.ru
domain:yandex.st
domain:yandex.sx
domain:yandex.tj
domain:yandex.tm
domain:yandex.tr
domain:yandex.ua
domain:yandex.uz
domain:yandexadexchange.net
domain:yandexcloud.net
domain:yandexcom.net
domain:yandexgo.com
domain:yandexlyceum.ru
domain:yandexwebcache.net
domain:yandexwebcache.org
domain:yango-b2b.com
domain:yango-team.com
domain:yango-tech.com
domain:yango.africa
domain:yango.ao
domain:yango.bh
domain:yccdn.ru
domain:yastatic.net
domain:yastatic-net.ru
domain:yastat.net
domain:yangofellowship.com
domain:yango.com
domain:yango.fi
domain:yango.qa
domain:yango.taxi
domain:yango.tech
domain:socialcam.com
domain:socailcam.com
domain:smartnastran.com
domain:smartfea.com
domain:skymatter.com
domain:sketchbookpro.com
domain:sketchbooknews.com
domain:sketchbookmobile.com
domain:second-ns.com
domain:htznr.li
domain:hetzner.social
domain:hetzner.de
domain:hetzner.company
domain:hetzner.com
domain:hetzner.cloud
domain:hetzner-cloud.de
domain:first-ns.de
domain:gigabyte.com
domain:aorus.com
domain:snapkit.co
domain:snapchat.com
domain:snap.com
domain:projectara.com
domain:screenwisetrendspanel.com
domain:gfiber.com
domain:capitalg.com
domain:calicolabs.com
domain:isomorphiclabs.com
domain:verily.com
domain:waymo.com
domain:webpass.net
domain:wing.com
domain:revolv.com
domain:solveforx.com
domain:google.as
domain:google.at
domain:google.az
domain:google.ba
domain:google.be
domain:google.bf
domain:google.bg
domain:google.bi
domain:google.bj
domain:google.bs
domain:google.bt
domain:google.by
domain:google.ca
domain:google.cat
domain:google.cd
domain:google.cf
domain:google.cg
domain:google.ch
domain:google.ci
domain:google.cl
domain:google.cm
domain:google.co
domain:google.com
domain:google.cv
domain:google.cz
domain:google.de
domain:google.dj
domain:xn--ngstr-lra8j.com
domain:googleplay.com
domain:golang.org
domain:golang.net
domain:golang.com
domain:godoc.org
domain:go.dev
domain:go-lang.org
domain:go-lang.net
domain:go-lang.com
domain:firebaseio.com
domain:firebaseapp.com
domain:firebase.io
domain:firebase.com
domain:crashlytics.com
domain:blogspot.mk
domain:blogspot.md
domain:blogspot.lu
domain:blogspot.lt
domain:google.al
domain:blogspot.kr
domain:blogspot.de
domain:blogspot.it
domain:blogspot.is
domain:blogspot.in
domain:blogspot.ie
domain:blogspot.hu
domain:blogspot.hr
domain:blogspot.hk
domain:blogspot.gr
domain:blogspot.fr
domain:blogspot.rs
domain:blogspot.tw
domain:blogspot.jp
domain:blogspot.cz
domain:blogspot.cv
domain:blogblog.com
domain:blogspot.my
domain:blogger.com
domain:blogspot.no
domain:blogspot.pe
domain:blogspot.pt
domain:blogspot.qa
domain:blogspot.re
domain:blogspot.ro
domain:blogspot.fi
domain:blogspot.ru
domain:blogspot.se
domain:blogspot.sg
domain:blogspot.com
domain:blogspot.si
domain:blogspot.sk
domain:blogspot.sn
domain:blogspot.td
domain:blogspot.dk
domain:blogspot.ug
domain:blogspot.vn
domain:blogspot.cl
domain:blogspot.ch
domain:blogspot.cf
domain:blogspot.ca
domain:blogspot.bj
domain:blogspot.bg
domain:blogspot.be
domain:blogspot.ba
domain:blogspot.am
domain:blogspot.al
domain:blogspot.ae
domain:blogspot.mx
domain:blogspot.nl
domain:androidify.com
domain:android.com
domain:google.ad
domain:opensourceinsights.dev
domain:opensourceinsight.dev
domain:deps.info
domain:deps.dev
domain:google.dk
domain:google.dm
domain:google.dz
domain:google.ee
domain:google.es
domain:google.fi
domain:google.fm
domain:google.fr
domain:google.ga
domain:google.ge
domain:google.gg
domain:google.gl
domain:google.gm
domain:google.gr
domain:google.gy
domain:google.hn
domain:google.hr
domain:google.ht
domain:google.hu
domain:google.ie
domain:google.im
domain:google.iq
domain:google.is
domain:google.it
domain:google.je
domain:google.jo
domain:google.kg
domain:google.ki
domain:google.kz
domain:google.la
domain:google.li
domain:google.lk
domain:google.lt
domain:google.lu
domain:google.lv
domain:google.md
domain:google.me
domain:google.mg
domain:google.mk
domain:google.ml
domain:google.mn
domain:google.ms
domain:google.mu
domain:google.mv
domain:google.mw
domain:google.ne
domain:google.nl
domain:google.no
domain:google.nr
domain:google.nu
domain:google.pl
domain:google.pn
domain:google.ps
domain:google.pt
domain:google.ro
domain:google.rs
domain:google.ru
domain:google.rw
domain:google.sc
domain:google.se
domain:google.sh
domain:google.si
domain:google.sk
domain:google.sm
domain:google.sn
domain:google.so
domain:google.sr
domain:google.st
domain:google.td
domain:google.tg
domain:google.tl
domain:google.tm
domain:google.tn
domain:google.to
domain:google.tt
domain:google.vg
domain:google.vu
domain:google.ws
domain:0emm.com
domain:1e100.net
domain:1ucrs.com
domain:466453.com
domain:actifio.com
domain:adgoogle.net
domain:admeld.com
domain:angulardart.org
domain:api.ai
domain:apigee.com
domain:appbridge.ca
domain:appbridge.io
domain:appbridge.it
domain:appspot.com
domain:apture.com
domain:area120.com
domain:asp-cc.com
domain:autodraw.com
domain:bandpage.com
domain:baselinestudy.com
domain:baselinestudy.org
domain:bazel.build
domain:bdn.dev
domain:beatthatquote.com
domain:blink.org
domain:brocaproject.com
domain:brotli.org
domain:bumpshare.com
domain:bumptop.ca
domain:bumptop.com
domain:bumptop.net
domain:bumptop.org
domain:bumptunes.com
domain:campuslondon.com
domain:certificate-transparency.org
domain:chrome.com
domain:chromebook.com
domain:chromecast.com
domain:chromeos.dev
domain:chromestatus.com
domain:chromium.org
domain:chronicle.security
domain:chroniclesec.com
domain:cloudburstresearch.com
domain:cloudfunctions.net
domain:cloudproxy.app
domain:cloudrobotics.com
domain:cobrasearch.com
domain:codespot.com
domain:conscrypt.com
domain:conscrypt.org
domain:cookiechoices.org
domain:coova.com
domain:coova.net
domain:coova.org
domain:crossmediapanel.com
domain:cs4hs.com
domain:dartsearch.net
domain:dataliberation.org
domain:debug.com
domain:debugproject.com
domain:devsitetest.how
domain:dialogflow.com
domain:digitalassetlinks.org
domain:docs.new
domain:episodic.com
domain:feedburner.com
domain:fflick.com
domain:financeleadsonline.com
domain:fitbit.com
domain:foofle.com
domain:froogle.com
domain:fuchsia.dev
domain:g-tun.com
domain:g.co
domain:g.dev
domain:g.page
domain:gateway.dev
domain:gcr.io
domain:gerritcodereview.com
domain:getbumptop.com
domain:ggoogle.com
domain:gipscorp.com
domain:globaledu.org
domain:gmail.com
domain:gmodules.com
domain:gogle.com
domain:gogole.com
domain:gonglchuangl.net
domain:goo.gl
domain:googel.com
domain:googil.com
domain:googl.com
domain:google-access.net
domain:google-syndication.com
domain:google.berlin
domain:google.dev
domain:google.net
domain:google.org
domain:google.ventures
domain:googleacquisitionmigration.com
domain:googleapis.cn
domain:googleapis.com
domain:googleapps.com
domain:googlearth.com
domain:googleblog.com
domain:googlebot.com
domain:googlecapital.com
domain:googlecert.net
domain:googlecode.com
domain:googlecommerce.com
domain:kaggleusercontent.com
domain:kaggle.net
domain:kaggle.io
domain:kaggle.com
domain:v8project.org
domain:googledanmark.com
domain:googledomains.com
domain:googledrive.com
domain:googlee.com
domain:googleearth.com
domain:googlefiber.com
domain:googlefiber.net
domain:googlefinland.com
domain:googlemail.com
domain:googlemaps.com
domain:googlepagecreator.com
domain:googlephotos.com
domain:googleplus.com
domain:googlesource.com
domain:googlestore.com
domain:googlesverige.com
domain:googleusercontent.com
domain:googleventures.com
domain:googlezip.net
domain:googlr.com
domain:goolge.com
domain:gooogle.com
domain:gridaware.app
domain:gsrc.io
domain:gstatic.com
domain:gsuite.com
domain:gvt0.com
domain:gvt1.com
domain:gvt2.com
domain:gvt3.com
domain:gvt5.com
domain:gvt6.com
domain:gvt7.com
domain:gvt9.com
domain:haplorrhini.com
domain:hdrplusdata.org
domain:hindiweb.com
domain:v8.dev
domain:html5rocks.com
domain:hwgo.com
domain:iamremarkable.org
domain:idx.dev
domain:igoogle.com
domain:impermium.com
domain:itasoftware.com
domain:j2objc.org
domain:jibemobile.com
domain:keyhole.com
domain:keytransparency.com
domain:keytransparency.foo
domain:keytransparency.org
domain:lanternal.com
domain:like.com
domain:madewithcode.com
domain:material.io
domain:mdialog.com
domain:meet.new
domain:mfg-inspector.com
domain:mobileview.page
domain:moodstocks.com
domain:near.by
domain:nest.com
domain:nomulus.foo
domain:oauthz.com
domain:on.here
domain:on2.com
domain:onefifteen.net
domain:onefifteen.org
domain:oneworldmanystories.com
domain:openthread.io
domain:openweave.io
domain:openxla.org
domain:screenwisetrends.com
domain:page.link
domain:pagespeedmobilizer.com
domain:pageview.mobi
domain:panoramio.com
domain:partylikeits1986.org
domain:paxlicense.org
domain:picasa.com
domain:picasaweb.com
domain:picasaweb.net
domain:picasaweb.org
domain:picnik.com
domain:pittpatt.com
domain:pixate.com
domain:postini.com
domain:privacysandbox.com
domain:abc.xyz
domain:projectbaseline.com
domain:publishproxy.com
domain:questvisual.com
domain:quickoffice.com
domain:quiksee.com
domain:blogspot.li
domain:gv.com
domain:womenwill.in
domain:savethedate.foo
domain:saynow.com
domain:schemer.com
domain:orbitera.com
domain:google.am
domain:slides.new
domain:snapseed.com
domain:ridepenguin.com
domain:stadia.dev
domain:stcroixmosquito.com
domain:stcroixmosquitoproject.com
domain:studywatchbyverily.com
domain:studywatchbyverily.org
domain:stxmosquito.com
domain:stxmosquitoproject.com
domain:stxmosquitoproject.net
domain:stxmosquitoproject.org
domain:synergyse.com
domain:tenor.com
domain:tensorflow.org
domain:tfhub.dev
domain:thecleversense.com
domain:thegooglestore.com
domain:thinkquarterly.com
domain:thinkwithgoogle.com
domain:tiltbrush.com
domain:txcloud.net
domain:txvia.com
domain:unfiltered.news
domain:useplannr.com
domain:usvimosquito.com
domain:usvimosquitoproject.com
domain:velostrata.com
domain:verilylifesciences.com
domain:verilystudyhub.com
domain:verilystudywatch.com
domain:verilystudywatch.org
domain:wallet.com
domain:waze.com
domain:web.app
domain:web.dev
domain:webappfieldguide.com
domain:webmproject.org
domain:webpkgcache.com
domain:webrtc.org
domain:weltweitwachsen.de
domain:whatbrowser.org
domain:whats.new
domain:widevine.com
domain:withgoogle.com
domain:womenwill.com
domain:womenwill.id
domain:run.app
domain:womenwill.mx
domain:x.company
domain:x.team
domain:xn--9kr7l.com
domain:xn--9trs65b.com
domain:xn--flw351e.com
domain:xn--ggle-55da.com
domain:xn--gogl-0nd52e.com
domain:xn--gogl-1nd42e.com
domain:xplr.co
domain:zukunftswerkstatt.de
domain:dart.dev
domain:dartlang.org
domain:dartpad.dev
domain:charlestonroadregistry.com
domain:crr.com
domain:get.app
domain:get.dev
domain:get.how
domain:get.new
domain:get.page
domain:get.rsvp
domain:hey.boo
domain:iam.soy
domain:new.day
domain:xn--p8j9a0d9c9a.xn--q9jyb4c
domain:polymer-project.org
domain:polymerproject.org
domain:google.ae
domain:youtube.ru
domain:youtube.az
domain:ytimg.com
domain:withyoutube.com
domain:youtu.be
domain:youtube-nocookie.com
domain:yt.be
domain:youtube.ae
domain:youtube.al
domain:youtube.am
domain:youtube.at
domain:youtube.ro
domain:youtube.ba
domain:youtube.be
domain:youtube.bg
domain:youtube.bh
domain:youtube.bo
domain:youtube.by
domain:youtube.ca
domain:youtube.cat
domain:youtube.ch
domain:youtube.qa
domain:youtube.co
domain:youtubemobilesupport.com
domain:youtubekids.com
domain:youtubego.in
domain:youtubego.id
domain:youtubego.com
domain:youtubegaming.com
domain:youtubefanfest.com
domain:youtubeeducation.com
domain:youtube.vn
domain:youtube.uy
domain:youtube.ug
domain:youtube.ua
domain:youtube.tv
domain:youtube.tn
domain:youtube.sv
domain:youtube.soy
domain:youtube.rs
domain:youtube.sk
domain:ggpht.com
domain:youtube.com
domain:youtube.si
domain:youtube.sg
domain:youtube.se
domain:youtube.sa
domain:youtube.ee
domain:youtube.sn
domain:googlevideo.com
domain:youtube.cl
domain:youtube.pt
domain:youtube.pr
domain:youtube.pl
domain:youtube.pk
domain:youtube.ph
domain:youtube.pe
domain:youtube.pa
domain:youtube.no
domain:youtube.nl
domain:youtube.ni
domain:youtube.ng
domain:youtube.my
domain:youtube.mx
domain:youtube.mn
domain:youtube.mk
domain:youtube.me
domain:youtube.md
domain:youtube.ma
domain:youtube.ly
domain:youtube.lv
domain:youtube.lu
domain:youtube.lt
domain:youtube.lk
domain:youtube.la
domain:youtube.kz
domain:youtube.kr
domain:youtube.jp
domain:youtube.jo
domain:youtube.it
domain:youtube.is
domain:youtube.iq
domain:youtube.in
domain:youtube.ie
domain:youtube.hu
domain:youtube.hr
domain:youtube.hk
domain:youtube.gt
domain:youtube.gr
domain:youtube.ge
domain:youtube.fr
domain:youtube.fi
domain:youtube.es
domain:youtube.cr
domain:youtube.cz
domain:youtube.de
domain:youtube.dk
domain:ai.studio
domain:deepmind.com
domain:pub.dev
domain:flutterapp.com
domain:flutter.dev
domain:fastlane.tools
domain:fastlane.ci
domain:sheets.new
domain:sketchbookdesigner.com
domain:simulationsquad.com
domain:simsquad.com
domain:shotgunvfx.com
domain:shotgunstudio.com
domain:shotgunstudio-test.com
domain:shotgunsoftware.net
domain:shotgunsoftware.com
domain:shotgunlocalhost.com
domain:shotgunfx.com
domain:shotguncloud.com
domain:shotgridstudio.com
domain:shotgridsoftware.com
domain:sculpoly.com
domain:scpic.net
domain:scaleform.com
domain:savoycomputing.com
domain:robotoffice.com
domain:robobat.com
domain:revitsucks.net
domain:revitcc.com
domain:revit.com
domain:retimer.com
domain:realviz.com
domain:realpeoplerealprojects.com
domain:realpeople-realprojects.com
domain:reality-computing.com
domain:rapidprototyping-cadcam.com
domain:ps-exchange.com
domain:projectvasari.com
domain:projectshoreline.com
domain:projectpoint.net
domain:projectpoint.com
domain:profilemaster.com
domain:powershape.com
domain:powershape-e.com
domain:powermillna.com
domain:powermill.com
domain:powerinspect.com
domain:poweranimator.com
domain:portfoliowall.com
domain:plug-into.com
domain:plastics-cadcam.com
domain:plasticlabs.com
domain:plansondemand.com
domain:pixlromatic.com
domain:pixlr-o-matic.com
domain:pi-vr.com
domain:partmaker.com
domain:packagingcadcam.com
domain:packaging-cadcam.com
domain:orthotics-cadcam.com
domain:orthopaedic-cadcam.com
domain:opticore.com
domain:openreality.com
domain:oneteamconference.com
domain:objectarx.com
domain:nonlinearnastran.com
domain:nextgenerationcam.com
domain:newtofea.com
domain:new2fea.com
domain:netzerobuildingstudio.com
domain:netzerobuildings.com
domain:nenastran.com
domain:neiworks.com
domain:neisolutions.com
domain:neisoftware.com
domain:neinastranincad.com
domain:neimotion.com
domain:neifea.com
domain:neiexplicit.com
domain:neicad.com
domain:navisworks.net
domain:navisworks.com
domain:nastranworldwide.com
domain:nastrantraining.com
domain:nastrannx.com
domain:nastranincad.com
domain:mymapportal.com
domain:myfirstflame.com
domain:myautodeskbenefits.com
domain:myautocad.com
domain:my1stflame.com
domain:mudbox3d.com
domain:motiongraphicsandmore.com
domain:morewithautodesk.com
domain:molviewer.com
domain:molecularviewer.com
domain:molecularsimulationtools.com
domain:moleculardesigntoolkit.com
domain:moldflowexpress.com
domain:moldflow.com
domain:mmmanual.com
domain:mimistyler.com
domain:mimistudio.com
domain:meshmixerforum.com
domain:meshmixer.com
domain:medicalimplants-cadcam.com
domain:mayavisualization.com
domain:mayauser.net
domain:mayauser.com
domain:mayaunlimited.com
domain:mayasucks.com
domain:mayapressbooks.com
domain:mayaonosx.com
domain:mayaonmac.com
domain:mayaonlinux.com
domain:mayamentors.net
domain:mayamentors.com
domain:mayamentor.net
domain:mayamasters.com
domain:mayagames.com
domain:mayaformotiongraphics.com
domain:mayafluideffects.com
domain:mayaconductors.com
domain:mayacomplete.com
domain:maxillofacial-cadcam.com
domain:matchmover.com
domain:markingmenus.com
domain:marinecadcam.com
domain:mappingonline.com
domain:mapguide.com
domain:map-software.com
domain:makingstartshere.com
domain:makeitrealcontest.com
domain:makeanything.com
domain:magestic.com
domain:madewithstudiotools.com
domain:madewithmaya.com
domain:machine-dna.com
domain:lunchwithpype.com
domain:lrfdsoftware.com
domain:livesketchshare.com
domain:licenseparser.com
domain:lasersawapp.com
domain:kynogon.com
domain:keepyourcad.com
domain:kaydara.com
domain:jasaautocad.com
domain:jasa3dmax.com
domain:izmirautodeskegitimleri.com
domain:istorytell.com
domain:inventorseries.com
domain:inventorfusion.com
domain:inventor-certified.com
domain:intelisolve.com
domain:installbuzzsaw.com
domain:infraworks.com
domain:impactdesignhub.com
domain:imaginationsengine.com
domain:imagemodeler.com
domain:idea-server.com
domain:hsmxpress.com
domain:hsmworks.com
domain:hsmexpress.com
domain:hsm-xpress.com
domain:hsm-works.com
domain:horizontalsystems.com
domain:horizontalglue.com
domain:horizontal-systems.com
domain:horizontal-llc.com
domain:homestylernews.com
domain:homestylerapp.com
domain:hmsxpress.com
domain:greenbuildingstudio.com
domain:governmentengineer.com
domain:gobuildx.net
domain:givemebuzzsaw.com
domain:getbuzzsaw.com
domain:geospatialinfo.com
domain:geospatialimaging.com
domain:geneticconstructor.com
domain:gbxml.net
domain:futureofmaktingthings.com
domain:futureofbritishmanufacturing.com
domain:fusionproductionapps.com
domain:fusionlifecycle.com
domain:freefbx.com
domain:formitfactory.com
domain:formit360.com
domain:footwear-cadcam.com
domain:followpype.com
domain:fmdesktop.com
domain:fluidfxapp.com
domain:flowfront.net
domain:flowfront.com
domain:flameunleashed.com
domain:five-d.com
domain:featurecam.com
domain:feanonlinear.com
domain:fakeorphoto.com
domain:fakeorfoto.com
domain:extensions4revit.com
domain:evolverpro.com
domain:evolver3d.com
domain:evolver.com
domain:evalviewer.com
domain:europeansustainabledesigncouncil.net
domain:europeansustainabledesigncouncil.com
domain:europeansustainabledesign.net
domain:europeansustainabledesign.com
domain:eurocodesoftware.com
domain:eueuropeansustainabledesign.net
domain:esopworld.com
domain:eraofconnection.com
domain:energystarbuildings.com
domain:emergingsolutions.com
domain:inplat.ru
domain:megafon.com
domain:megafon.ru
domain:megafonpro.ru
domain:mgfn.ru
domain:report-megafon.ru
domain:scartel.ru
domain:yota.ru
domain:yotagamer.ru
domain:xn--80a9a4b.xn--p1ai
domain:xn--80aj3b.xn--p1ai
domain:xn--80arpq.xn--p1ai
domain:snap-dev.net
domain:sc-cdn.net
domain:qwant.it
domain:qwant.fr
domain:qwant.de
domain:qwant.com
domain:idecosoftware.ru
domain:ideco.ru
domain:microsoftnewsforkids.net
domain:meetyourdevices.com
domain:microsoft.ch
domain:microsoft.cl
domain:microsoft.com
domain:microsoft.cz
domain:microsoft.de
domain:microsoft.dk
domain:microsoft.ee
domain:microsoft.es
domain:microsoft.eu
domain:microsoft.fi
domain:microsoft.ge
domain:microsoft.hu
domain:microsoft.io
domain:microsoft.is
domain:microsoft.it
domain:microsoft.jp
domain:microsoft.lt
domain:microsoft.lu
domain:microsoft.lv
domain:microsoft.md
domain:microsoft.net
domain:microsoft.pl
domain:microsoft.pt
domain:microsoft.red
domain:microsoft.ro
domain:microsoft.rs
domain:microsoft.ru
domain:microsoft.se
domain:microsoft.si
domain:microsoft.tv
domain:microsoft.ua
domain:microsoft.uz
domain:microsoft.vn
domain:femalefounderscomp.com
domain:m12.vc
domain:a-msedge.net
domain:aka.ms
domain:ankarazirvesi2018.com
domain:applicationinsights.io
domain:applicationinsights.net
domain:aria.ms
domain:asp.net
domain:aspnetcdn.com
domain:binads.com
domain:bluehatil.com
domain:boswp.com
domain:brazilpartneruniversity.com
domain:breakdown.me
domain:c-msedge.net
domain:centralvalidation.com
domain:ch9.ms
domain:charticulator.com
domain:cloudapp.net
domain:cloudappsecurity.com
domain:cortanaanalytics.com
domain:cortanaskills.com
domain:crmdynint-gcc.com
domain:crmdynint.com
domain:crossborderexpansion.com
domain:docs.com
domain:dynamics.com
domain:efproject.net
domain:exp-tas.com
domain:fasttrackreadysupport.com
domain:fluidpreview.com
domain:footprintdns.com
domain:gameuxmasterguide.com
domain:gears5.com
domain:gearspop.com
domain:gearstactics.com
domain:gfx.ms
domain:gigjam.com
domain:hololens.com
domain:hotmail.co
domain:hotmail.com
domain:hotmail.eu
domain:hotmail.net
domain:hotmail.org
domain:hummingbird.ms
domain:ie10.com
domain:ie11.com
domain:ie8.co
domain:ie9.com
domain:imaginecup.pl
domain:ingads.com
domain:internetexplorer.co
domain:internetexplorer.com
domain:intunewiki.com
domain:iotinactionevents.com
domain:kidgrid.tv
domain:kumo.com
domain:l-msedge.net
domain:latampartneruniversity.com
domain:live.com
domain:azure-dns.org
domain:live.eu
domain:live.net
domain:livingyourambition.com
domain:makecode.org
domain:managedmeetingrooms.com
domain:meetfasttrack.com
domain:bingagencyawards.com
domain:mepn.com
domain:microsoftedgeinsider.com
domain:microsoft-falcon.io
domain:microsoft-int.com
domain:microsoft-ppe.com
domain:microsoft-sap-events.com
domain:microsoft-sbs-domains.com
domain:microsoft365.com
domain:microsoftaccountguard.com
domain:microsoftadvertising.com
domain:microsoftadvertisingregionalawards.com
domain:microsoftaffiliates.com
domain:microsoftapp.net
domain:microsoftcloud.com
domain:microsoftcloudworkshop.com
domain:microsoftcommunitytraining.com
domain:microsoftedge.com
domain:microsofthouse.com
domain:microsofthouse.net
domain:microsoftinternetsafety.net
domain:microsoftlatamaitour.com
domain:microsoftlinc.com
domain:microsoftonline-p.com
domain:microsoftonline.com
domain:microsoftpartnercommunity.com
domain:microsoftpersonalcontent.com
domain:microsoftready.com
domain:microsoftsiteselection.com
domain:microsoftstore.com
domain:azure-dns.net
domain:microsoftstream.com
domain:microsoftteams.com
domain:microsofttradein.com
domain:microsofttranslator.com
domain:microsoftuwp.com
domain:momentumms.com
domain:morphcharts.com
domain:mpnevolution.com
domain:ms-studiosmedia.com
domain:ms365surfaceoffer.com
domain:msauth.net
domain:mschallenge2018.com
domain:msecnd.net
domain:msedge.net
domain:msft.info
domain:msft.net
domain:msftauth.net
domain:msftauthimages.net
domain:microsoftcloudsummit.com
domain:msfteducation.ca
domain:msftncsi.com
domain:msftnet.org
domain:microsoft-give.com
domain:msgamestudios.com
domain:mshome.net
domain:msidentity.com
domain:msocdn.com
domain:msturing.org
domain:msudalosti.com
domain:mymicrosoft.com
domain:nextechafrica.net
domain:nxta.org
domain:o365weve-dev.com
domain:o365weve-ppe.com
domain:o365weve.com
domain:office.com
domain:office.net
domain:office365.com
domain:onenote.com
domain:onenote.net
domain:onestore.ms
domain:opticsforthecloud.net
domain:outingsapp.com
domain:outlook.com
domain:passport.net
domain:pixapp.net
domain:powerappscdn.net
domain:powerautomate.com
domain:powerbi.com
domain:powershellgallery.com
domain:projectmurphy.net
domain:projectsangam.com
domain:pxt.io
domain:s-dc-msedge.net
domain:s-microsoft.com
domain:s-msedge.net
domain:s-msft.com
domain:s-msn.com
domain:sfbassets.com
domain:sfbassets.net
domain:sfx.ms
domain:sharepoint.com
domain:sharepointonline.com
domain:signalr.net
domain:skype.com
domain:skype.net
domain:skypeassets.com
domain:skypeassets.net
domain:spo-msedge.net
domain:staffhub.ms
domain:successwithteams.com
domain:surface.com
domain:svc.ms
domain:sway-cdn.com
domain:sway.com
domain:sysinternals.com
domain:t-msedge.net
domain:tailwindtraders.com
domain:techhub.ms
domain:tfsallin.net
domain:translatetheweb.com
domain:unlocklimitlesslearning.com
domain:userpxt.io
domain:videobreakdown.com
domain:videoindexer.ai
domain:virtualearth.net
domain:vsallin.net
domain:wbd.ms
domain:what-fan.net
domain:windows-int.net
domain:windows.com
domain:windows.net
domain:windows.nl
domain:windows8.hk
domain:windowscommunity.net
domain:windowsmarketplace.com
domain:windowsphone-int.com
domain:windowsphone.com
domain:windowssearch.com
domain:windowsupdate.com
domain:winhec.com
domain:winhec.net
domain:yammer.com
domain:azure-dns.info
domain:azure-dns.com
domain:microsoft.ca
domain:masalladeloslimites.com
domain:bingapis.com
domain:msgamesresearch.com
domain:microsoft.cat
domain:msftconnecttest.com
domain:bingapistatistics.com
domain:bingparachute.com
domain:bingsandbox.com
domain:bingvisualsearch.com
domain:bingworld.com
domain:bluehatnights.com
domain:microsoftdiplomados.com
domain:flipwithsurface.com
domain:bing.com
domain:bing123.com
domain:bing.net
domain:dictate.ms
domain:microsoftlatamholiday.com
domain:microsoftmxfilantropia.com
domain:microsoftpartnersolutions.com
domain:msunlimitedcloudsummit.com
domain:office365love.com
domain:office365tw.com
domain:renovacionoffice.com
domain:sprinklesapp.com
domain:copilot-stg.com
domain:copilot.com
domain:windowsazure.com
domain:tryfunctions.com
domain:atom.io
domain:dependabot.com
domain:gh.io
domain:ghcr.io
domain:ghe.com
domain:git.io
domain:github.ai
domain:github.blog
domain:github.career
domain:github.com
domain:github.community
domain:github.dev
domain:github.io
domain:githubapp.com
domain:githubassets.com
domain:githubhackathon.com
domain:githubnext.com
domain:githubpreview.dev
domain:githubstatus.com
domain:githubsupport.com
domain:githubuniverse.com
domain:githubusercontent.com
domain:myoctocat.com
domain:octocaptcha.com
domain:opensource.guide
domain:repo.new
domain:thegithubshop.com
domain:githubcopilot.com
domain:npm.community
domain:npmjs.com
domain:npmjs.org
domain:adaptivecards.io
domain:api-extractor.com
domain:apisof.net
domain:appcenter.ms
domain:blazor.net
domain:botframework.com
domain:codethemicrobit.com
domain:devopsassessment.net
domain:dot.net
domain:gamesstack.com
domain:graphengine.io
domain:insiderdevtour.com
domain:jwt.ms
domain:microbit.org
domain:microsoftadc.com
domain:microsoftgamestack.com
domain:microsoftiotinsiderlabs.com
domain:microsoftreactor.info
domain:microsoftreactor.net
domain:microsoftreactor.org
domain:microsoftsilverlight.com
domain:microsoftsilverlight.net
domain:microsoftsilverlight.org
domain:microsoftsqlserver.com
domain:mmdnn.com
domain:mono-project.com
domain:msdn.com
domain:msinnovationchallenge.com
domain:mspairlift.com
domain:msropendata.com
domain:nuget.org
domain:nugettest.org
domain:opentranslatorstothings.org
domain:poshtestgallery.com
domain:pwabuilder.com
domain:sankie.net
domain:sqlserveronlinux.com
domain:timelinestoryteller.com
domain:uwpcommunitytoolkit.com
domain:vfsforgit.com
domain:vfsforgit.org
domain:visualstudio-staging.com
domain:visualstudio.co
domain:visualstudio.com
domain:visualstudio.eu
domain:visualstudio.net
domain:vsassets.io
domain:vscode-cdn.net
domain:vscode-unpkg.net
domain:vscode-webview.net
domain:vscode.dev
domain:vscodeedu.app
domain:vscodeedu.com
domain:xamarin.com
domain:trafficmanager.net
domain:msocsp.com
domain:microsoftnews.cc
domain:microsoftnews.com
domain:microsoftnews.net
domain:microsoftnews.org
domain:microsoftnewsforkids.com
domain:microsoft.by
domain:microsoftnewsforkids.org
domain:microsoftnewskids.com
domain:microsoftnewskids.net
domain:microsoftnewskids.org
domain:msn.com
domain:msnewskids.com
domain:msnewskids.net
domain:msnewskids.org
domain:msnkids.com
domain:microsoftstart.com
domain:start.com
domain:1drv.com
domain:1drv.ms
domain:livefilestore.com
domain:onedrive.co
domain:onedrive.com
domain:onedrive.eu
domain:onedrive.net
domain:onedrive.org
domain:serverlesslibrary.net
domain:playfabapi.com
domain:playfab.com
domain:microsoft.be
domain:gamepass.com
domain:orithegame.com
domain:renovacionxboxlive.com
domain:tellmewhygame.com
domain:xbox.co
domain:xbox.com
domain:xbox.eu
domain:xbox.org
domain:xbox360.co
domain:xbox360.com
domain:xbox360.eu
domain:xbox360.org
domain:xboxab.com
domain:xboxgamepass.com
domain:xboxgamestudios.com
domain:xboxlive.com
domain:xboxone.co
domain:xboxone.com
domain:xboxone.eu
domain:xboxplayanywhere.com
domain:xboxservices.com
domain:xboxstudios.com
domain:xbx.lv
domain:asobostudio.com
domain:flightsimulator.com
domain:beth.games
domain:bethesda.net
domain:bethesdagamestudios.com
domain:bethsoft.com
domain:doom.com
domain:elderscrolls.com
domain:forza.net
domain:forzamotorsport.net
domain:forzaracingchampionship.com
domain:forzarc.com
domain:callersbane.com
domain:minecraft-services.net
domain:minecraft.net
domain:minecraftservices.com
domain:minecraftshop.com
domain:mojang.com
domain:microsoft.az
domain:aadrm.com
domain:azure-api.net
domain:azure-devices-int.net
domain:azure-devices.net
domain:azure-mobile.net
domain:azure-sphere.com
domain:azure-test.net
domain:azure.com
domain:azure.net
domain:azurecomcdn.net
domain:azurecomm.net
domain:azurecontainer.io
domain:azurecosmos.net
domain:azurecosmosdb.com
domain:azurecosmosdb.info
domain:azurecosmosdb.net
domain:azuredatabricks.net
domain:azuredevopslaunch.com
domain:azuredigitaltwin.com
domain:azuredigitaltwins.com
domain:azuredigitaltwins.net
domain:azuredns-prd.info
domain:azuredns-prd.org
domain:azureedge-test.net
domain:azureedge.net
domain:azureedge.us
domain:azurefd.net
domain:azureiotcentral.com
domain:azureiotsolutions.com
domain:azureiotsuite.com
domain:azureplanetscale.info
domain:azureplanetscale.net
domain:azureserviceprofiler.com
domain:azuresmartspaces.net
domain:azurestackvalidation.com
domain:azurestaticapps.net
domain:azurewebsites.net
domain:cosmosdb.info
domain:cosmosdb.net
domain:devopsms.com
domain:gotcosmos.com
domain:management-azure-devices-int.net
domain:management-azure-devices.net
domain:microsoftazuread-sso.com
domain:microsoftazuresponsorships.com
domain:microsofteca.com
domain:microsoftiotcentral.com
domain:msn.net
domain:emberprinter.com
domain:ember3dp.com
domain:education-cadcam.com
domain:ecspublisher.com
domain:ecscad.com
domain:ecotect.net
domain:ecotect.com
domain:dynamoreach.com
domain:dynamopackages.com
domain:dynamobuilds.com
domain:ideco.dev
domain:xn--90absjljw3g.xn--p1ai
domain:oraclefoundation.org
domain:sun.com
domain:covid19rx.org
domain:custhelp.com
domain:oracle.com
domain:oraclecloud.com
domain:bronto.com
domain:oracleimg.com
domain:oracleinfinity.io
domain:covid19-rx.org
domain:virtualbox.org
domain:addthis.com
domain:addthiscdn.com
domain:addthisedge.com
domain:ateam-oracle.com
domain:java.com
domain:java.net
domain:chef.io
domain:getfiddler.com
domain:kemptechnologies.com
domain:progress.com
domain:sharefile.com
domain:telerik.com
domain:myqnapcloud.com
domain:qlink.to
domain:qnap.com
domain:qnapsupport.net
domain:carrot-mail.io
domain:carrotquest-mail.io
domain:carrotquest.app
domain:carrotquest.io
domain:carrottrack.app
domain:dashly.app
domain:dashly.help
domain:dashly.io
domain:dashly.me
domain:dashlytrack.app
domain:mail-carrotquest.io
domain:pushgrow.io
domain:sandisk.com
domain:sandisk.sg
domain:sandisk.it
domain:westerndigital.com
domain:wdc.com
domain:g-technology.com
domain:sandisk.ae
domain:wd.com
domain:sandisk.id
domain:sandisk.nl
domain:sandisk.in
domain:sandisk.de
domain:sandisk.es
domain:sandisk.fr
domain:sandisk.hk
domain:dwgtrueview.com
domain:dwgtrueconvert.com
domain:dwg.com
domain:drnastran.com
domain:drainage.com
domain:dodv.com
domain:discreet.com
domain:2gis.cz
domain:2gis.ae
domain:2gis.az
domain:2gis.by
domain:2gis.com
domain:2gis.tech
domain:2gis.am
domain:2gis.ge
domain:2gis.ru
domain:2gis.kz
domain:2gis.kg
domain:2gis.tj
domain:2gis.uz
domain:digitalprototyping.com
domain:whitesaas.com
domain:dell.ng
domain:delltechnologiescapital.com
domain:alienware.be
domain:alienware.biz
domain:alienware.ca
domain:alienware.ch
domain:vce.com
domain:studiodell.com
domain:solutionstation.com
domain:shopalienware.com
domain:emc.com
domain:alienware.com
domain:earthdell.com
domain:delltechnologiesworld.com
domain:delltechnologies.com
domain:delltechcenter.com
domain:alienware.cz
domain:alienware.de
domain:alienware.dk
domain:alienware.es
domain:alienware.eu
domain:dellsupportcenter.com
domain:alienware.gr
domain:alienware.hk
domain:alienware.ie
domain:alienware.it
domain:alienware.jp
domain:alienware.kr
domain:alienware.lv
domain:alienware.net
domain:alienware.nl
domain:alienware.ph
domain:alienware.pl
domain:alienware.ps
domain:alienware.ro
domain:alienware.se
domain:alienware.us
domain:del.com
domain:dellprinter.com
domain:dell.ac
domain:dell.am
domain:dell.at
domain:dell.az
domain:dell.be
domain:dell.bg
domain:dell.bi
domain:dell.bs
domain:dell.by
domain:dell.ca
domain:dell.cd
domain:dell.cg
domain:dell.ch
domain:dell.cl
domain:dellprecision.com
domain:dellpowersolutions.com
domain:dellpoweredge.com
domain:delloutlet.com
domain:dellemcevents.com
domain:dellemc.com
domain:delldrivers.com
domain:delldesignsystem.com
domain:dellcustomerservice.com
domain:dellcomunidade.com
domain:dellcommunity.com
domain:dellcdn.com
domain:dell.com
domain:dataframeworks.com
domain:dell.vn
domain:dell.vg
domain:dell.uz
domain:dell.ug
domain:dell.ua
domain:dell.tv
domain:dell.tt
domain:dell.tm
domain:dell.tj
domain:dell.tc
domain:dell.sn
domain:dell.sk
domain:dell.si
domain:dell.sg
domain:dell.se
domain:dell.sc
domain:dell.rw
domain:dell.ru
domain:dell.ro
domain:dell.pt
domain:dell.ps
domain:dell.pl
domain:dell.ph
domain:dell.no
domain:dell.nl
domain:alienware.ae
domain:dell.net
domain:dell.mw
domain:dell.mu
domain:dell.mq
domain:dell.ma
domain:dell.ly
domain:dell.lv
domain:dell.lu
domain:alienware.fr
domain:alienware.at
domain:dell.lt
domain:dell.kz
domain:dell.kn
domain:dell.kg
domain:dell.jp
domain:dell.it
domain:dell.is
domain:dell.ie
domain:dell.id
domain:dell.hu
domain:dell.hr
domain:dell.gr
domain:dell.gp
domain:dell.gm
domain:dell.fr
domain:dell.cz
domain:dell.de
domain:dell.dk
domain:dell.dm
domain:dell.ee
domain:dell.es
domain:dell.eu
domain:dell.fi
domain:destinationbim.com
domain:designxml.net
domain:designxml.com
domain:designsformovement.com
domain:designledrevolution.com
domain:design-ledrevolution.com
domain:design-ledrev.com
domain:delcamusa.com
domain:delcamuniversity.com
domain:delcamtv.com
domain:delcamna.com
domain:delcamforsolidworks.com
domain:delcamconsulting.com
domain:delcam.com
domain:delcam-services.com
domain:delcam-robotics.com
domain:delcam-na.com
domain:delcam-electrode.com
domain:delcam-ams.com
domain:darwindimensions.com
domain:creatwhatsnext.com
domain:creativepass.com
domain:createwhatsnext.com
domain:crankplayer.com
domain:contechacademy.com
domain:constructware.com
domain:compass-systems.com
domain:compass-system.com
domain:climate-server.com
domain:civilsoftware.net
domain:civilcc.com
domain:civil3d.com
domain:citrixandautodesk.com
domain:china-autodesk.com
domain:cfdesign.com
domain:cfd-tv.com
domain:ceramics-cadcam.com
domain:camduct.com
domain:cam-duct.com
domain:caice.com
domain:cadren.com
domain:cadoverlay.com
domain:cadmep.com
domain:cadduct.com
domain:cadcamsystemsinc.com
domain:cad-mep.com
domain:building3dcontent.com
domain:brni.com
domain:bridgebim.com
domain:bimworld.com
domain:bimsource.com
domain:bimseeker.com
domain:bimlibrary.com
domain:bimglue.com
domain:bimadsk.com
domain:bim3dcontent.com
domain:bim360ops.com
domain:bim360glue.com
domain:bim360field.com
domain:bim360.net
domain:bim360.com
domain:bim-360.com
domain:betterwithautodesk.com
domain:betterbim.com
domain:bestbim.com
domain:best4bim.com
domain:behindthescreenz.com
domain:avatara.com
domain:auxdubai.com
domain:autosketch.com
domain:automotive-cadcam.com
domain:autodeskworkshop.net
domain:autodeskworkshop.com
domain:autodeskviewer.com
domain:autodeskvietnam.com
domain:giffgaff.com
domain:giffgaff.design
domain:ixsystems.com
domain:truenas.com
domain:armgs.team
domain:bargipsy.com
domain:boom.ru
domain:boosty.to
domain:donationalerts.com
domain:hrtek.ru
domain:koddobra.ru
domain:lovina.app
domain:mail.ru
domain:mcs.st
domain:mediumquality.ru
domain:memealerts.com
domain:movika.com
domain:sportmail.ru
domain:summerstage.ru
domain:tamtam.chat
domain:tech-mail.ru
domain:vk-apps.com
domain:vk-apps.ru
domain:vk-records.ru
domain:vk-stadium.ru
domain:vk.company
domain:vk.kz
domain:vk.team
domain:vkclips.app
domain:vkcs.cloud
domain:vkfest.ru
domain:vkgo.app
domain:vklive.app
domain:vkvideo.ru
domain:vkworkspace.kz
domain:yclients.com
domain:xn--80asgb.xn--p1ai
domain:xn--e1aigb.xn--p1ai
domain:justveryok.com
domain:keyboardmen.com
domain:rabbitcounter.com
domain:sayeasy.eu
domain:mytrk.link
domain:appsmail.ru
domain:attachmail.ru
domain:attachmy.com
domain:bizmrg.com
domain:cdnmail.ru
domain:datacloudmy.com
domain:imgsmail.ru
domain:mpgw-my.com
domain:mradx.net
domain:mrgcdn.ru
domain:mycdn.me
domain:mytopf.com
domain:smailru.net
domain:staticmy.com
domain:vmailru.net
domain:bk.ru
domain:inbox.ru
domain:internet.ru
domain:list.ru
domain:xmail.ru
domain:cups.online
domain:gamescup.ru
domain:mlbootcamp.ru
domain:russiandesigncup.ru
domain:algoritmika.org
domain:code-class.ru
domain:gb.ru
domain:lerna.ru
domain:o-uchi.ru
domain:skbx.pro
domain:skillbox.pro
domain:skillbox.ru
domain:skillfactory.ru
domain:tetrika-school.ru
domain:uchi.ru
domain:uchilk.ru
domain:umschool.net
domain:xn----otbzjdu.xn--p1ai
domain:yaklass.ru
domain:cybersport.ru
domain:epicevents.gg
domain:esforce.com
domain:esforce.ru
domain:ruhub.tv
domain:ciciq.net
domain:goicq.org
domain:icq-download.com
domain:icq-mobile.com
domain:icq-online.com
domain:icq-phone.com
domain:icq-phone.org
domain:icq.asia
domain:icq.at
domain:icq.biz
domain:icq.com
domain:icq.de
domain:icq.eu
domain:icq.fr
domain:icq.im
domain:icq.lt
domain:icq.mobi
domain:icq.org
domain:icq.ru
domain:icq.sg
domain:icq2mobile.com
domain:icq5.com
domain:icqanywhere.com
domain:icqbrasil.com
domain:icqbrazil.com
domain:icqchat.com
domain:icqflirting.com
domain:icqgame.com
domain:icqgames.com
domain:icqkids.com
domain:icqmail.com
domain:icqmail.net
domain:icqonline.com
domain:icqpassword.com
domain:icqpeople.com
domain:icqservers.com
domain:icqservice.com
domain:icqsupportteam.com
domain:icqsystem.com
domain:icqsystems.com
domain:icqtoday.com
domain:icqtutor.com
domain:icqvideo.com
domain:mailicq.org
domain:mirabilis.com
domain:mirandaicq.com
domain:mobile-icq.com
domain:mobileicq.com
domain:xn-----6kc7adj0c9esa.com
domain:xn----7sbaba0dc6cdn7cxcj.com
domain:xn----7sbabae2a0bnvtsfr4loc.com
domain:xn----7sbbab6bregnh7b8if5b.com
domain:xn----7sbbamm1bv2bh7i.com
domain:xn----8sbaroledu6bi7j.com
domain:xn----8sbeoy5bze.com
domain:xn--80aqcf7a6do.com
domain:max.ru
domain:oneme.ru
domain:sferum-dev.ru
domain:sferum.ru
domain:dev-my.com
domain:my.com
domain:dev-my.games
domain:it-territory.com
domain:knightspeak.com
domain:my.games
domain:pixonic.com
domain:prod-my.games
domain:rustore.ru
domain:rustore.team
domain:rustore.tv
domain:tarantool.io
domain:tarantoolplus.ru
domain:aodahl.com
domain:dahl.su
domain:dahlmessenger.com
domain:telega.info
domain:telega.me
domain:tusco.ru
domain:uma.media
domain:viqeo.tv
domain:viqeotv.com
domain:vkcloud-static.kz
domain:vkcloud.kz
domain:vkplay-arena.ru
domain:vkplay.ru
domain:vkplay.live
domain:youla.io
domain:youla.ru
domain:dzen.ru
domain:dzeninfra.ru
domain:odnoklassniki.eu
domain:odnoklasniki.ua
domain:apiok.ru
domain:odnoklasniki.by
domain:odnoklassniki.lv
domain:odnoklassniki.am
domain:odnoklassniki.by
domain:odnoklassniki.ru
domain:odkl.ru
domain:insideok.ru
domain:okcdn.ru
domain:odnoklassniki.tj
domain:ok.me
domain:ok.ru
domain:okl.lt
domain:oktech.ru
domain:mvk.com
domain:vk.cc
domain:vk.com
domain:vk.design
domain:vk.link
domain:vk.ru
domain:vkontakte.com
domain:vkontakte.ru
domain:cdn-vk.net
domain:cdn-vk.ru
domain:userapi.com
domain:userapi.ru
domain:vk-cdn.me
domain:vk-cdn.net
domain:vk-portal.net
domain:vkcache.com
domain:vkcdnservice.com
domain:vkcloud-static.ru
domain:vktech-static.ru
domain:vkuser.net
domain:vkusercdn.ru
domain:vkuserphoto.ru
domain:vkuseraudio.com
domain:vkuseraudio.net
domain:vkuseraudio.ru
domain:vkuserlive.com
domain:vkuserlive.net
domain:vkuservideo.com
domain:vkuservideo.net
domain:vkuservideo.ru
domain:vk.me
domain:vkmessenger.app
domain:vkmessenger.com
domain:vkpay.app
domain:vkpay.com
domain:vkpay.io
domain:vkpay.ru
domain:autodeskvasari.net
domain:vultr.com
domain:clco.cc
domain:cloudc.one
domain:cloudcone.com
domain:cloudcone.net
domain:saas-support.com
domain:canon.lv
domain:canon.at
domain:canon-cmos-sensors.com
domain:canon-cna.com
domain:canonproprinters.com
domain:canon-emea.com
domain:canon-emirates.ae
domain:canon-europa.com
domain:canon-europe.com
domain:canon-me.com
domain:canon-ois.qa
domain:canonfoundation.org
domain:canon.am
domain:canon.uz
domain:canon.az
domain:canon.ba
domain:canon.be
domain:canon.bg
domain:canon.ca
domain:canon.ch
domain:canon.ua
domain:canon.tj
domain:canon.sk
domain:canon.com
domain:canon.cz
domain:canon.si
domain:canon.se
domain:canon.ru
domain:canon.rs
domain:canon.ro
domain:canon.pt
domain:canon.pl
domain:canon.fr
domain:canon-cee.com
domain:canon.no
domain:canon.de
domain:canon.dk
domain:canon.ee
domain:canon.es
domain:canon.fi
domain:canon.nl
domain:canon.ge
domain:canon.gr
domain:canon.hr
domain:canon.hu
domain:canon.ie
domain:canon.it
domain:canon.kz
domain:canon.lt
domain:canon.lu
domain:c-ij.com
domain:canon.me
domain:canon.net
domain:autodeskvasari.com
domain:autodeskuniversity2013.com
domain:autodeskuniversity.com
domain:autodeskturkiye.com
domain:autodesktravel.com
domain:autodesktinkerbox.com
domain:autodesktechx.com
domain:autodesktechdays.com
domain:autodesksucks.net
domain:autodesksucks.com
domain:autodesksubscription.com
domain:autodeskstylebook.com
domain:autodesksketchbookdesigner.com
domain:autodesksketchbook.com
domain:autodeskseek.com
domain:intel.wf
domain:intel.dk
domain:intel.af
domain:intel.ag
domain:intel.ai
domain:intel.ar
domain:intel.at
domain:intel.az
domain:intel.ba
domain:intel.bg
domain:intel.bh
domain:intel.bi
domain:intel.bo
domain:intel.bs
domain:intel.by
domain:intel.ca
domain:intel.cc
domain:intel.cg
domain:intel.ch
domain:intel.cl
domain:intel.cm
domain:intel.co
domain:intel.com
domain:intel.cr
domain:intel.cu
domain:intel.cz
domain:intel.de
domain:ospray.org
domain:ospray.net
domain:clearlinux.org
domain:acpica.com
domain:universalscalablefirmware.org
domain:snap-telemetry.io
domain:renderingtoolkit.org
domain:openvinotoolkit.org
domain:openvino.ai
domain:opendroneid.org
domain:opencas.io
domain:oneapi.io
domain:oneapi.com
domain:intellinuxgraphics.net
domain:intellinuxgraphics.com
domain:hyperscan.io
domain:01.org
domain:barefootnetworks.com
domain:xscale.com
domain:xn--ztsq84g.cn
domain:xeon.com
domain:vpro.net
domain:vpro.com
domain:intel.dev
domain:intel.yt
domain:intel.dz
domain:intel.ec
domain:intel.ee
domain:intel.eg
domain:intel.es
domain:intel.eu
domain:intel.fi
domain:intel.fr
domain:intel.ga
domain:intel.gd
domain:intel.ge
domain:intel.gg
domain:intel.gl
domain:intel.gm
domain:intel.gr
domain:intel.gs
domain:intel.gt
domain:intel.gy
domain:intel.hk
domain:intel.hn
domain:intel.ht
domain:intel.hu
domain:intel.id
domain:intel.ie
domain:intel.in
domain:intel.io
domain:intel.it
domain:intel.je
domain:intel.jo
domain:intel.jp
domain:intel.ke
domain:intel.la
domain:intel.lc
domain:intel.lk
domain:intel.lt
domain:intel.lu
domain:intel.ly
domain:intel.ma
domain:intel.md
domain:intel.me
domain:intel.mg
domain:intel.mk
domain:intel.mn
domain:intel.mp
domain:intel.mt
domain:intel.mu
domain:intel.mw
domain:intel.mx
domain:intel.my
domain:intel.ng
domain:intel.nl
domain:intel.nu
domain:intel.nz
domain:intel.pa
domain:intel.pe
domain:intel.ph
domain:intel.pl
domain:intel.pn
domain:intel.re
domain:intel.ro
domain:intel.ru
domain:intel.rw
domain:intel.sa
domain:intel.sc
domain:intel.se
domain:intel.sg
domain:intel.si
domain:intel.sk
domain:intel.sn
domain:intel.sr
domain:intel.st
domain:intel.sv
domain:intel.sx
domain:intel.sy
domain:intel.tf
domain:intel.tj
domain:intel.tl
domain:intel.tm
domain:intel.tn
domain:intel.tt
domain:intel.tv
domain:intel.tw
domain:intel.ua
domain:intel.uk
domain:intel.us
domain:intel.uy
domain:intel.uz
domain:intel.vg
domain:intel.vn
domain:intel.ac
domain:intel.vu
domain:intel.ae
domain:vokevr.com
domain:trustedanalytics.net
domain:trustedanalytics.com
domain:thunderbolttechnology.net
domain:threadingbuildingblocks.org
domain:altera.com
domain:alteraforum.com
domain:buyaltera.com
domain:celeron.com
domain:celeron.net
domain:centrino.com
domain:centrino.net
domain:chips.com
domain:cilk.com
domain:cilk.net
domain:cloudinsights.com
domain:clusterconnection.com
domain:comm-verse.com
domain:coreduo.com
domain:coreextreme.com
domain:crosswalk-project.com
domain:crosswalk-project.net
domain:dml-lang.org
domain:doceapower.com
domain:easic.com
domain:enpirion.com
domain:exascale-tech.com
domain:exploreintel.com
domain:gordonmoore.com
domain:granulate.io
domain:hackharassment.com
domain:insidefilms.com
domain:insight.tech
domain:intc.com
domain:intel-research.net
domain:intel-university-collaboration.net
domain:intelamericasstore.com
domain:intelapacstore.com
domain:intelatom.net
domain:intelcapital.com
domain:intelcapital.net
domain:intelcloudbuilders.com
domain:intelcloudfinder.com
domain:intelemeastore.com
domain:inteleventexpress.com
domain:intelforchange.com
domain:intelfreepress.com
domain:intelgo.net
domain:intelinsight.com
domain:inteliotmarketplace.com
domain:intell.com
domain:intellearningseries.com
domain:intellinuxwireless.net
domain:intelnervana.com
domain:intelplay.com
domain:intelquark.com
domain:intelrealsense.cn
domain:intelrealsense.com
domain:intelrealsense.net
domain:intelreimbursement.com
domain:intelrxt.com
domain:intelsalestraining.com
domain:intelsecurity.com
domain:intelserveredge.com
domain:intelsoftwarenetwork.com
domain:intelstore.com
domain:inteltechnologyprovider.com
domain:intelvmwarecybersecurity.com
domain:itnel.com
domain:latencytop.com
domain:lookinside.com
domain:makebettercode.com
domain:makesenseofdata.com
domain:meccontroller.com
domain:movidius.com
domain:movidius.net
domain:movidius.org
domain:nervanasys.com
domain:nevex.com
domain:nextgenerationcenter.com
domain:niosii.com
domain:niosii.net
domain:omekinteractive.com
domain:omnitek.tv
domain:openamt.com
domain:optanedifference.com
domain:passwordday.org
domain:pc.com
domain:pentium.com
domain:pentium.net
domain:pintool.com
domain:pmem.org
domain:pmem.us
domain:poweredbyintel.com
domain:projectcircuitbreaker.com
domain:reconinstruments.com
domain:reconjet.com
domain:researchintel.com
domain:saffrontech.com
domain:sensorynetworks.com
domain:sigopt.com
domain:silicon-mobility.com
domain:siliconmobility.com
domain:siport.com
domain:smart-edge.com
domain:smart-edge.info
domain:smart-edge.io
domain:smart-edge.net
domain:smart-edge.org
domain:smart-edge.systems
domain:smartedge.info
domain:storageclassmemory.io
domain:storageclassmemory.org
domain:theintelstore.com
domain:autodeskrevitsucks.net
domain:autodeskrevitsucks.com
domain:autodeskrevit.net
domain:autodeskrevit.com
domain:autodeskresearch.com
domain:autodeskprograms.com
domain:autodeskprofiles.com
domain:autodeskproductreviews.com
domain:autodeskplm360.net
domain:autodeskplm360.com
domain:autodeskplm.com
domain:autodeskpartner.com
domain:autodeskonline.com
domain:autodesknews.com
domain:autodeskmotiongraphicsandmore.com
domain:autodeskmfg.com
domain:autodeskmeetings.com
domain:autodeskmediarequest.com
domain:autodeskmedia.com
domain:autodeskmedbookrequest.com
domain:autodeskmayaformotiongraphics.com
domain:autodeskmanufacturingacademy.com
domain:autodesklms.com
domain:autodesklivedesign.com
domain:autodesklistens.com
domain:autodesklearning.com
domain:autodeskjournal.com
domain:autodeskinstant.com
domain:logitech.fr
domain:logicoolg.com
domain:logitech.biz
domain:logitech.com
domain:logi.com
domain:logitech.io
domain:logitechg.com
domain:logitechg.fr
domain:worldsfastestgamer.net
domain:autodeskinform.com
domain:autodeskimpression.com
domain:autodeskicpcouncil.com
domain:autodeskhelp.com
domain:openweathermap.org
domain:autodeskgreenbuildingstudio.com
domain:skyperfectjsat.space
domain:sptvbroadcast.com
domain:spcc-sp.com
domain:hominis.media
domain:jsati.com
domain:jsatmobile.com
domain:autodeskgovernment.net
domain:quizlink.ru
domain:discountbeatsstore.com
domain:discountbeatsbydre-us.com
domain:apple.be
domain:apple.bg
domain:apple.bs
domain:apple.ca
domain:apple.ch
domain:apple.cl
domain:apple.cm
domain:apple.co
domain:wwwapplemusic.com
domain:musickit.net
domain:applemusicfestival.com
domain:applemusicconnect.com
domain:applemusic.wang
domain:applemusic.hamburg
domain:applemusic.com
domain:applemusic.co
domain:apple.com
domain:applemusic.berlin
domain:webkit.org
domain:researchkit.tv
domain:researchkit.org
domain:researchkit.net
domain:researchkit.hk
domain:researchandcare.org
domain:carekit.org
domain:webkitgtk.org
domain:apple-mapkit.com
domain:auth0.com
domain:apple-cloudkit.com
domain:servicetalk.io
domain:macosforge.org
domain:macruby.org
domain:calendarserver.org
domain:wpewebkit.org
domain:webobjects.com
domain:beatbydremonster.com
domain:appleswift.com
domain:swift.org
domain:macruby.net
domain:cups.org
domain:macruby.com
domain:wwwicloud.com
domain:apple.cz
domain:apple.de
domain:apple.dk
domain:apple.ee
domain:apple.es
domain:apple.eu
domain:apple.fi
domain:apple.fr
domain:apple.hamburg
domain:apple.hn
domain:apple.hr
domain:dscloud.me
domain:babes.com
domain:adobedemo.com
domain:apple.is
domain:apple.it
domain:apple.jo
domain:apple.jp
domain:apple.kr
domain:apple.lk
domain:apple.lt
domain:apple.lv
domain:apple.me
domain:apple.my
domain:apple.net
domain:mylcloud.net
domain:apple.nl
domain:apple.no
domain:apple.pk
domain:apple.pl
domain:apple.pt
domain:apple.ro
domain:apple.rs
domain:apple.ru
domain:apple.sa
domain:apple.se
domain:apple.sg
domain:apple.si
domain:apple.sk
domain:apple.so
domain:apple.tt
domain:apple.tw
domain:apple.uk
domain:apple.us
domain:apple.xn--czr694b
domain:apple.xn--fiqs8s
domain:apple.xyz
domain:app-store.wang
domain:appe-store.com
domain:appleappstore.net
domain:appleappstore.tv
domain:appsto.re
domain:myicloud.net
domain:appstore.hk
domain:appstore.my
domain:appstore.ph
domain:asto.re
domain:tvappstore.net
domain:applecare.berlin
domain:applecare.cc
domain:applecare.eu
domain:applecare.hamburg
domain:applecare.wang
domain:appleaccount.net
domain:appleid-applemx.com
domain:appleid-applemx.us
domain:appleid-iclou.com
domain:appleid-uk.us
domain:appleid.berlin
domain:appleid.com
domain:appleid.hamburg
domain:appleid.hk
domain:ids-apple.com
domain:myappleid.com
domain:me.com
domain:apple.news
domain:appleenews.com
domain:applenews.berlin
domain:applenews.hamburg
domain:applenews.tv
domain:applenewsformat.com
domain:appleone.audio
domain:appleone.blog
domain:appleone.chat
domain:appleone.cloud
domain:appleone.club
domain:appleone.community
domain:appleone.film
domain:appleone.guide
domain:appleone.host
domain:appleone.space
domain:appleone.tech
domain:appleone.website
domain:apple-pay.com
domain:apple-pay.rs
domain:apple-pay.wang
domain:applepay.berlin
domain:ios-icloud.com
domain:icloudsetup.com
domain:applepay.hamburg
domain:applepay.hk
domain:applepay.info
domain:applepay.jp
domain:applepay.rs
domain:applepay.tv
domain:applepaycash.net
domain:applepaycash.tv
domain:applepaymerchantsupplies.info
domain:applepaysupplies.berlin
domain:applepaysupplies.com
domain:applepaysupplies.info
domain:applepaysupplies.net
domain:applepaysupplies.tv
domain:applewallet.com
domain:applewallet.tv
domain:aplestore.com
domain:apple-store.net
domain:apple-store.wang
domain:applestor.com
domain:applestore.bg
domain:applestore.cc
domain:applestore.ch
domain:applestore.cm
domain:icloudsecure.net
domain:icloudos.net
domain:icloudos.de
domain:icloudo.net
domain:applestore.com
domain:icloudo.de
domain:icloudo.com
domain:icloudpay.net
domain:icloudnet.net
domain:icloudmusic.net
domain:icloudmail.net
domain:icloudhome.com
domain:icloude.com
domain:icloudbrowser.net
domain:icloudbox.net
domain:icloudads.net
domain:icloud.vn
domain:icloud.sk
domain:icloud.si
domain:icloud.se
domain:icloud.ro
domain:applestore.de
domain:applestore.hk
domain:applestore.kr
domain:applestore.me
domain:applestore.net
domain:icloud.pt
domain:applestore.ph
domain:applestore.qa
domain:applestore.sg
domain:applestore.wang
domain:applestoreonline.com
domain:applestorepro.eu
domain:onlineapplestore.com
domain:appletv.com
domain:appletv.fr
domain:appletv.wang
domain:icloud.org
domain:applewatch.hk
domain:applewatch.tv
domain:applewatch.tw
domain:applewatch.wang
domain:applewatchedition.com
domain:applewatchseries3.net
domain:applewatchsport.com
domain:i-book.com
domain:i-book.net
domain:icloud.om
domain:ibook.com
domain:ibook.eu
domain:ibook.net
domain:ibookpartner.com
domain:ibooksauthor.com
domain:apple-imac.com
domain:appleimac.com
domain:imac-apple.com
domain:imac-applecomputer.com
domain:imac.co
domain:icloud.lv
domain:imac.com
domain:imac.eu
domain:imac.gr
domain:imac.one
domain:imac.rs
domain:imacapple.com
domain:imacapplecomputer.com
domain:imovie.eu
domain:imoviegallery.com
domain:imoviestage.com
domain:ebookforipad.com
domain:euroipad.com
domain:findmyipad.com
domain:indiaipad.com
domain:icloud.jp
domain:ipad.de
domain:ipad.host
domain:ipad.wang
domain:ipad3.com
domain:ipadair.cl
domain:ipadair.cm
domain:icloud.is
domain:icloud.ie
domain:ipadair.fr
domain:ipadair.hk
domain:ipadair.ie
domain:ipadair.jp
domain:ipadair.tw
domain:ipadaustralia.com
domain:ipadmini.cm
domain:icloud.hu
domain:ipadmini.lk
domain:ipadpro.buzz
domain:ukipad.com
domain:aplleipods.com
domain:appleclassicipod.com
domain:downloadsforipod.com
domain:ipod.ca
domain:ipod.ch
domain:ipod.cm
domain:ipod.co
domain:icloud.fr
domain:icloud.fi
domain:icloud.ee
domain:ipod.com
domain:icloud.de
domain:icloud.com
domain:icloud.ch
domain:icloud-sandbox.com
domain:icloud-isupport.com
domain:ipod.de
domain:ipod.es
domain:ipod.eu
domain:ipod.fr
domain:ipod.gr
domain:ipod.hk
domain:ipod.is
domain:ipod.net
domain:ipod.no
domain:ipod.pk
domain:ipod.rs
domain:ipod.ru
domain:ipod.tw
domain:ipodcentre.nl
domain:ipodcleaner.com
domain:ipoditouch.com
domain:ipodnano.com
domain:ipodnano.net
domain:ipodprices.com
domain:ipodrip.ca
domain:icloud-content.com
domain:ipods.com
domain:applemx-icloud.com
domain:ipodtouch.co
domain:ipodtouch.com
domain:myipod.net
domain:offrezdesipods.com
domain:simplyipod.com
domain:wwwipodlounge.com
domain:appleiphone.hu
domain:appleiphone.net
domain:appleiphonecell.com
domain:bestiphonestuff.com
domain:cooliphonecasesstore.com
domain:custom-iphonecase.com
domain:designeriphonescases.com
domain:dl-iphone.com
domain:fundaiphone5s.com
domain:hebiphone.com
domain:hf-iphone.com
domain:iphine.com
domain:iphone-cd.com
domain:iphone-cn.com
domain:iphone-sh.com
domain:iphone-vip1.com
domain:iphone-vip2.com
domain:iphone-vip3.com
domain:iphone-vip4.com
domain:iphone-vip5.com
domain:iphone-x.tv
domain:iphone-yh.com
domain:iphone-zh.com
domain:iphone.cm
domain:iphone.com
domain:yourmonsterbeats.com
domain:worldcoinpay.com
domain:iphone.es
domain:iphone.host
domain:wholesaleonlinemart.com
domain:iphone.pt
domain:iphone.rs
domain:iphone.ru
domain:iphone.wang
domain:iphone4.com
domain:wholesalefine.com
domain:iphone4s.com
domain:iphone5.com
domain:iphone5casescovers.com
domain:iphone5s5case.com
domain:wholesalediscountpurses.com
domain:iphonecase2013.com
domain:iphonecase5.com
domain:iphonecases100.com
domain:iphonecases5.com
domain:wholesale-exporter1.com
domain:iphonecollcase.com
domain:iphonefc.com
domain:iphonegermany.com
domain:iphonehangzhou.com
domain:iphoneimessage.com
domain:iphoneplus.wang
domain:iphonerip.net
domain:iphonese.tv
domain:iphoneunlockimei.com
domain:iphonexs.tv
domain:onlyiphone5case.com
domain:iphoto.eu
domain:iphoto.no
domain:iphoto.se
domain:iphoto.wang
domain:imacsources.com
domain:launchpad.wang
domain:mac.wang
domain:macbook.co
domain:macbook.hk
domain:macbook.tw
domain:macbook.wang
domain:wasdj.com
domain:vipshoes2.com
domain:macbookair.com
domain:vipheadphones.com
domain:vipbeatsbydre.com
domain:macbookair.es
domain:macbookair.hk
domain:macbookair.kr
domain:macbookair.jp
domain:macbookair.net
domain:macbookpro.co
domain:macbookpro.com
domain:vip-beats.com
domain:macbookpro.net
domain:macbookpro.us
domain:macbookpros.com
domain:macbooksale.com
domain:wwwmacbookair.com
domain:apple-darwin.com
domain:apple-darwin.net
domain:apple-darwin.org
domain:appledarwin.com
domain:appledarwin.net
domain:darwinsource.com
domain:darwinsource.org
domain:darwinsourcecode.com
domain:v-has.com
domain:macossierra.com
domain:macosx.info
domain:macosxlion.com
domain:shazam.com
domain:usa-beatsbydreheadphonesonsale.net
domain:unstyle.us
domain:5lml.com
domain:a0pple.net
domain:aapl.tw
domain:aaplimg.com
domain:airport.brussels
domain:airport.com
domain:airport.eu
domain:airsupportapp.com
domain:airtunes.com
domain:airtunes.info
domain:airtunes.net
domain:alchemysynth.com
domain:ap0le.com
domain:aple.com
domain:apole.com
domain:app0le.com
domain:appl-e.com
domain:appl.com
domain:appl4e.com
domain:appla.com
domain:apple-dns.com
domain:apple-dns.net
domain:apple-enews.com
domain:apple-expo.com
domain:apple-expo.eu
domain:apple-hk.com
domain:apple-inc.net
domain:apple-livephotoskit.com
domain:apple-online.com
domain:apple-studies.com
domain:apple-usa.net
domain:appleafrica.com
domain:appleantilles.com
domain:appleaustralia.com
domain:ubnw.net
domain:tteshop.com
domain:applebk.net
domain:applecarbon.com
domain:applecard.tv
domain:tradevip1.com
domain:applecentar.rs
domain:topbeatsforsale.com
domain:applecentre.info
domain:topbeatsdealer.com
domain:applecom.com
domain:applecomputer-imac.com
domain:topbeatsbydrdreoutlet.com
domain:theuab.net
domain:applecomputer.com
domain:thebeatsheadphonesale.com
domain:thebeatsbydre.net
domain:applecomputer.hu
domain:applecomputer.kr
domain:applecomputerimac.com
domain:applecomputerinc.info
domain:thebeatsbydre.com
domain:applecoronavirus.com
domain:appleexpo.eu
domain:appleexpo.info
domain:applefilmaker.com
domain:applefilmmaker.com
domain:applefinalcutproworld.com
domain:applefinalcutproworld.net
domain:applefinalcutproworld.org
domain:applehongkong.com
domain:the-monster-beats.com
domain:appleinclegal.com
domain:appleipodsettlement.com
domain:appleiservices.com
domain:applelink.com
domain:applemagickeyboard.com
domain:takegoto.com
domain:applemasters.info
domain:appleonline.com
domain:appleonline.net
domain:appleoriginalproductions.com
domain:appleos.tv
domain:applepencil.net
domain:szwinnertechnology.com
domain:szcheapmonsterheadphones.com
domain:applereach.com
domain:applereach.net
domain:apples-msk.ru
domain:appleschoolcontent.com
domain:applescreensavers.com
domain:applescript.info
domain:appleshare.info
domain:sverigebeatsbydrdre.com
domain:applesurveys.com
domain:appletaiwan.com
domain:appletips.net
domain:appleweb.net
domain:applexpo.net
domain:applezh.com
domain:applf.com
domain:applfe.com
domain:applle.com
domain:applw.com
domain:appmediagroup.com
domain:appule.com
domain:appye.com
domain:apyle.com
domain:apzones.com
domain:axm-usercontent-apple.com
domain:beddit.tv
domain:braeburncapital.com
domain:burstly.net
domain:burstlyrewards.com
domain:buyaapl.com
domain:buyaapl.net
domain:buyaple.com
domain:camelphat.com
domain:camelspaceeffect.com
domain:carbon.com
domain:catalina.hk
domain:cdn-apple.com
domain:chomp.com
domain:coreml.net
domain:dashwood360.com
domain:desktopmovie.com
domain:desktopmovie.net
domain:desktopmovie.org
domain:desktopmovies.net
domain:desktopmovies.org
domain:developer-advisor.com
domain:device-manager.us
domain:digitalhub.com
domain:discussionsapple.com
domain:dot-mac.de
domain:dotmac.de
domain:dvdstudiopro.biz
domain:dvdstudiopro.com
domain:dvdstudiopro.info
domain:dvdstudiopro.net
domain:dvdstudiopro.org
domain:beatbydre2013.com
domain:earpod.net
domain:ecgapp.net
domain:edu-research.org
domain:sustainthesound.com
domain:emac.in
domain:emagic.de
domain:eworld.com
domain:faceid99.com
domain:faceid99.net
domain:faceidglobal.com
domain:facetime.net
domain:finalcutpro.com
domain:find-apple.com
domain:firewire.cl
domain:firewire.eu
domain:geoport.com
domain:hopstop.tv
domain:supplybestjerseys.com
domain:idvd.eu
domain:ikids.com
domain:superearsenjoy.com
domain:ilife.eu
domain:ilife.gr
domain:ilife.wang
domain:imessage.tv
domain:insidemacintosh.com
domain:iosinthecar.com
domain:ipa-iphone.net
domain:ipple.com
domain:ischool.com
domain:itools.info
domain:iwork.com
domain:iwork.se
domain:iwork.wang
domain:jetfuelapp.com
domain:jetfuelapps.com
domain:latticedata.com
domain:livephotos.tv
domain:sunglassessale2014.com
domain:mac-mini.com
domain:mac.com
domain:sulwerphoto.com
domain:mac.eu
domain:mac.rs
domain:macappsto.re
domain:macboxset.com
domain:mach-os.com
domain:mach-os.net
domain:machos.net
domain:macintosh.eu
domain:macintoshsoftware.com
domain:macmini.com
domain:macpazar.com
domain:macreach.com
domain:macreach.net
domain:mobileme.dk
domain:studiobeatsbydrdre.com
domain:mzstatic.com
domain:newton.com
domain:next.com
domain:overapple.com
domain:powerbook.eu
domain:pullstring.net
domain:quatrowireless.com
domain:quicktime.cc
domain:quicktime.com
domain:straightouttasomewhere.com
domain:quicktime.eu
domain:quicktime.net
domain:quicktime.tv
domain:reform-apple.com
domain:services-apple.net
domain:siri.com
domain:spektral.cc
domain:texture.com
domain:thinkdifferent.us
domain:touchid.tv
domain:touchid.wang
domain:tracking-location.com
domain:truedepth3d.com
domain:tryrating.com
domain:spiritclubs.com
domain:webobjects.de
domain:webobjects.eu
domain:webobjects.net
domain:wuxiapple.com
domain:wwapple.net
domain:www-sms-apple.com
domain:wwwapple.com
domain:wwwapple.net
domain:wwwlapple.com
domain:xn--fiqs8sxootzz.xn--hxt814e
domain:xn--gtvq61aiijy0b.xn--hxt814e
domain:xn--gtvz22d.wang
domain:xn--gtvz22d.xn--hxt814e
domain:xn--hxtr4rozx.xn--czr694b
domain:xn--kput3imi374g.xn--hxt814e
domain:xn--ruq8a011kt6y.xn--hxt814e
domain:specialtyheadphones.com
domain:applepodcasts.com
domain:soso7778.com
domain:itunes.hk
domain:itunesu.com
domain:12diasderegalosdeitunes.co
domain:wwwitunes.com
domain:iutunes.com
domain:itunesu.net
domain:12diasderegalosdeitunes.com
domain:itunes.com
domain:itunesstore.co
domain:itunesradio.tw
domain:itunesradio.tv
domain:12diasderegalosdeitunes.cr
domain:12diasderegalosdeitunes.gt
domain:12diasderegalosdeitunes.hn
domain:itunesradio.rio
domain:12joursdecadeauxdeitunes.com
domain:itun.es
domain:itunbes.com
domain:ituneas.com
domain:itunes-radio.net
domain:itunes.ca
domain:itunes.co
domain:12diasderegalosdeitunes.pe
domain:12diasderegalosdeitunes.cl
domain:itunesiradio.com
domain:itunes.mx
domain:itunes.org
domain:itunes.rio
domain:itunes.us
domain:itunes12days.com
domain:itunesessentials.com
domain:itunesfestivals.com
domain:12diasdepresentesdeitunes.com
domain:ituneslatino.com
domain:ituneslogin.net
domain:itunesmatch.com
domain:itunesparty.com
domain:itunesradio.com
domain:solostudioksale.com
domain:sneakerskick.com
domain:sneakerpage.net
domain:sneaker666.com
domain:shoppinguheadphones.com
domain:shopping-days.net
domain:shopmonsterbeats.com
domain:shopdrebeats.com
domain:shopcustomizedbeats.com
domain:shopbydre.com
domain:shopbeatsdre.com
domain:shop-headphones.net
domain:shoestop2.com
domain:shoers.com
domain:scnshop.cc
domain:sanvaras.com
domain:samebags.com
domain:salecheaphandbags.com
domain:saleblackfridaydrebeats.com
domain:salebeatslasteststyle4you.com
domain:repswing.com
domain:repsneakermall.com
domain:rbsgr.com
domain:prostudiobeatscybersale.com
domain:promonsterbeatsbydre.com
domain:powerbeatsbydre.com
domain:powerbeatsbydrdre.com
domain:powerbeats2wireless.com
domain:pocketbiketrader.com
domain:pillbeatsblackfridaysale.com
domain:pickshoesclothes.com
domain:100beatscheap.com
domain:1monsterbeatsbydreus.com
domain:2013beatsbydrdreonline.com
domain:2013beatsbydrdreshop.com
domain:2013beatsbydreshop.com
domain:2013beatshdcybermonday.com
domain:2013cheapestbeats.com
domain:2013newbeatsworld.com
domain:2013pascherbeatsbydre.com
domain:2014cheapbeatsbydre.com
domain:2beatsdre.com
domain:2buybeatsbydre.com
domain:2drdrebeats.com
domain:40shopping.com
domain:4beatsbydre.com
domain:5beatsbydre.com
domain:aaagradeheadphones.com
domain:aanaan.com
domain:abcheadphones.com
domain:abeatsbydrdre.com
domain:aeasyshop.com
domain:airmay.com
domain:ajtalk.com
domain:albeats.com
domain:annstores.net
domain:aokwholesale.net
domain:aucheapbeats.com
domain:audiobeatsau.com
domain:audiobeatsbydre.com
domain:audiomonsterbeatsonline.com
domain:auricularemonsterbeats.com
domain:auricularesbeatsbaratosshop.com
domain:auricularesbeatsmarkt.com
domain:ausbeatsbydrdre.com
domain:bag-glasses1.com
domain:bandgirlz.com
domain:baxsound.com
domain:bbestmall.com
domain:beatbd.com
domain:dvdstudiopro.us
domain:picknicekicks.net
domain:buycheapbeatsbus.com
domain:beatbydrekopen.com
domain:beatbydreuk2014.com
domain:beatdrdres.com
domain:beatfactoryoutlets.com
domain:beatmonstersaustralia.net
domain:beats-by-dre-australia.com
domain:beats-bydrdre.net
domain:beats-bydre-mall.com
domain:beats-bydrecheapsale.com
domain:beats-bydreoutletonline.com
domain:beats-bydreoutletsale.com
domain:beats-bydreoutletsale.net
domain:beats-bydreoutletssale.net
domain:beats-bydrestore.com
domain:beats-bydreuk.com
domain:beats-deal.com
domain:beats-dre-us.com
domain:beats-headphones-buy-cheap.com
domain:beats-headphones.us
domain:beats-sale.com
domain:beats-seller.com
domain:beats-soaho.com
domain:beats1.cc
domain:beats1.tv
domain:beats123.com
domain:beats4.net
domain:beats4outlets.com
domain:beats4salecheap.com
domain:beatsallsale.com
domain:beatsaudifonos.com
domain:beatsaudiobydre.com
domain:beatsaudiobydre.net
domain:beatsaudios.net
domain:beatsbeatsmonster.com
domain:beatsbestdeals.com
domain:beatsblackfridaydeals.net
domain:beatsblackfridayretails.com
domain:beatsboxingdayuksale.com
domain:beatsbydrdre-headphones.com
domain:beatsbydrdre-officials5.com
domain:beatsbydrdre-online.com
domain:beatsbydrdre-onsale.com
domain:beatsbydrdre-store.com
domain:beatsbydrdre-store.us
domain:beatsbydrdre4sale.com
domain:beatsbydrdrebiz.com
domain:beatsbydrdrecustom.com
domain:beatsbydrdredanmark.com
domain:beatsbydrdremall.com
domain:beatsbydrdreoutlet.com
domain:beatsbydrdres.com
domain:beatsbydrdresale.net
domain:beatsbydrdrestore.com
domain:beatsbydrdreus.com
domain:beatsbydre-beatsheadphone.com
domain:beatsbydre-chen.com
domain:beatsbydre-club.com
domain:beatsbydre-headphones.com
domain:beatsbydre-headphonesshop.com
domain:beatsbydre-mall.com
domain:beatsbydre-outlet.com
domain:beatsbydre-outletsale.net
domain:beatsbydre-outletstore.com
domain:beatsbydre-sell.com
domain:beatsbydre-store.com
domain:beatsbydre-studio.com
domain:beatsbydre-us.com
domain:beatsbydre.jp
domain:beatsbydre2081.com
domain:beatsbydre411.com
domain:beatsbydre4usales.com
domain:beatsbydreauofficial.com
domain:beatsbydreausale.net
domain:beatsbydreaustralia-sale.com
domain:beatsbydreaustraliaonline.com
domain:beatsbydreaustraliaonlines.com
domain:beatsbydreaustraliasales.com
domain:beatsbydrebeatsby.com
domain:beatsbydreblackfriday2013.com
domain:beatsbydreblackfridaypro.com
domain:beatsbydreboxingdayca.com
domain:beatsbydrecasquesfr.com
domain:beatsbydrecheap-outletstore.com
domain:beatsbydrecheaper.com
domain:beatsbydrecheaponlinesales.com
domain:beatsbydrecolors.com
domain:beatsbydrecustomwireless.com
domain:beatsbydrecybermondaydeals2013.com
domain:beatsbydrecybermondaydeals2013.net
domain:beatsbydredanmarks.com
domain:beatsbydredealsblackfriday.com
domain:beatsbydredealscybermonday.com
domain:beatsbydrediscount.com
domain:beatsbydrediscountonline.net
domain:beatsbydredr.com
domain:beatsbydreexecutivesale.com
domain:beatsbydreformall2013-nl.com
domain:beatsbydreforsalesonline.com
domain:beatsbydreforshop2013-nl.com
domain:beatsbydreforstore.com
domain:beatsbydreforyououtlet.com
domain:beatsbydrefr.com
domain:beatsbydrefrcasquepascher.com
domain:beatsbydrefriday.com
domain:beatsbydregot.com
domain:beatsbydrehd.com
domain:beatsbydrehd.net
domain:beatsbydreheadphones-nz.com
domain:beatsbydreheadphonesolo.com
domain:beatsbydrehut.com
domain:beatsbydreinexpensive.com
domain:beatsbydreireland-sales.com
domain:beatsbydreirelandonlines.com
domain:beatsbydreirelandsale.com
domain:beatsbydreirelandsonline.com
domain:beatsbydremall2013.com
domain:beatsbydremonsteraustralia.com
domain:beatsbydrenls.com
domain:beatsbydrenorge1.net
domain:beatsbydreofficialdanmark.com
domain:beatsbydreoksale.com
domain:beatsbydreol.com
domain:beatsbydreonlie2013-nl.com
domain:beatsbydreonlines-ireland.com
domain:beatsbydreonlines-uk.com
domain:beatsbydreonlinesale-nz.com
domain:beatsbydreoordopjes.com
domain:beatsbydreoslo.com
domain:beatsbydreoutletsale.com
domain:beatsbydreoutletscheap.com
domain:beatsbydrerealstore.com
domain:beatsbydres-shop.com
domain:beatsbydresale-uk.com
domain:beatsbydresalemall2013.com
domain:beatsbydresales.us
domain:beatsbydresalesonline-australia.com
domain:beatsbydresaleonlines-nz.com
domain:beatsbydresdanmark.net
domain:beatsbydreshop-uk.com
domain:beatsbydreshops.net
domain:beatsbydresingapores.com
domain:beatsbydresingaporesale.com
domain:beatsbydrespeakers.com
domain:beatsbydresold.com
domain:beatsbydresolohdonline-canada.com
domain:beatsbydresonline-nz.com
domain:beatsbydrestorevip.com
domain:beatsbydressale.com
domain:beatsbydressolo.com
domain:beatsbydresstudio.com
domain:beatsbydrestudio-australia.com
domain:beatsbydrestudio.com
domain:beatsbydretoutlet.com
domain:beatsbydreuk.com
domain:beatsbydreuk.net
domain:beatsbydreus.com
domain:beatsbydrevipde.com
domain:beatsbydrew.com
domain:beatsbydrsmonsterinusa.com
domain:beatsbymusic.net
domain:beatsbysdrbre.com
domain:beatsbysdrdres.com
domain:beatscasque-france.com
domain:beatscheap-nz.com
domain:beatscheap-uk.com
domain:beatscheapforsale.com
domain:beatscollection2014.com
domain:beatscustomblackfriday.com
domain:beatsdanmark2013.com
domain:beatsdrdre-headphones.com
domain:beatsdrdre-it.com
domain:beatsdrdre-solo.com
domain:beatsdrdre2014.com
domain:beatsdrdrecuffie.net
domain:beatsdrdrekaufenschweiz.net
domain:beatsdrdreneon.com
domain:beatsdre-monster.com
domain:beatsdre.net
domain:beatsdre4cheap.com
domain:beatsdrecheap.com
domain:beatsdredreheadphones.com
domain:beatsdreforsale.com
domain:beatsdreinau.com
domain:beatsdremonster-uk.com
domain:beatsdrenewcolorful4usale.com
domain:beatsdreoutletsale.com
domain:beatsdresale2013.com
domain:beatsdresalestore.com
domain:beatsdresolo2013.com
domain:beatsdreus.com
domain:beatsearbudsheadphoness.com
domain:beatsfacstore.com
domain:beatsfactoroutlets.com
domain:beatsfactorycollection.com
domain:beatsfactoryoutles.com
domain:beatsforcheap-usa.com
domain:beatsforme.com
domain:beatsfranceofficiel.com
domain:beatselectronic.net
domain:beatselectronics.com
domain:beatsep.com
domain:beatsep.net
domain:beatsheadphones-discount.com
domain:beatsheadphones1.com
domain:beatsheadphones2u.com
domain:beatsheadphonesale.com
domain:beatsheadphonesdealer.com
domain:beatsheadphonesforcheap.net
domain:beatsheadphonesonline.com
domain:beatsheadphoness.com
domain:beatsheadphonestudio.com
domain:beatsheadphonesusamall.com
domain:bestshoesale2014.net
domain:beatshopuk.com
domain:beatsincanada.com
domain:beatsinsingapore.com
domain:beatsireland.net
domain:beatsjoy.com
domain:beatsmonstersales.com
domain:beatsmusic.com
domain:beatsmusic.wang
domain:beatsneon.com
domain:beatsnzsale.com
domain:beatsodre.com
domain:beatsofdre-usa.com
domain:beatsonblackfriday2013.com
domain:beatsone.net
domain:beatsoutlet.net
domain:beatsoutletanytime.com
domain:beatsoutletonlines.com
domain:beatspascher-bydre.com
domain:beatspascher-fr.net
domain:beatspascher.net
domain:beatspaschers.net
domain:beatspillnewcolor.com
domain:beatspills.com
domain:beatspromonsterjp.com
domain:beatspromotions.com
domain:beatssales.com
domain:beatssaleus.com
domain:beatssaustraliabuy.com
domain:beatssbyaustralia.com
domain:beatssbydredanmark.com
domain:beatsshop-uk.com
domain:beatsshop-usa.com
domain:beatsshopstore.com
domain:beatssingapores.com
domain:beatssingaporeshop.com
domain:beatsstudiohodetelefoner.com
domain:beatsstudiosite.com
domain:beatstoreusa.com
domain:beatsua.com
domain:beatswholesale.us
domain:beatswirelesscheap.com
domain:beatswirelesscuffie.com
domain:begin-trade.com
domain:bestbeats4u.com
domain:biitii.com
domain:blackfridaydrebeatsnew.com
domain:blackfridaydrebeatsshop.com
domain:bloommicroventures.com
domain:bookonsky.net
domain:bossae.com
domain:brandeasygo.com
domain:brandelectronic.com
domain:brandproducts1688.com
domain:brands098.com
domain:businesswebwise.com
domain:buy-from-shanghai.com
domain:buybeatsbydre-uk.com
domain:buybeatsheadphonesbydre.com
domain:beatbydreheadphonesonsale.com
domain:buycheapbeatsbydre.com
domain:buycheapbeatsbydreshop.com
domain:buycheapbeatsdreuk.com
domain:buydrdrebeatbox.com
domain:buyminibeatbox.com
domain:buyonlineheadphones.com
domain:buyshoponly.com
domain:buzzardflapper.com
domain:bybeatsdre.com
domain:bydrebeats.com
domain:canada-beatsbydre.com
domain:casque-fr.com
domain:casquebeatsbydrdresolohd.com
domain:casquebeatsdocteurdre.com
domain:casquebeatsdre2013.com
domain:casquebeatsenligne.com
domain:casquebeatsfracheter.com
domain:casquebeatsmer.net
domain:casquebeatsofficiel-fr.com
domain:casquebeatspascher2013.com
domain:casquebeatssolo.net
domain:casquedrdrebeatssfr.com
domain:casquemonsterbeats.com
domain:casquemonsterbeatsbydre2013.com
domain:casquesbeatsaudio.com
domain:cheap-beats-by-dre.net
domain:cheap-beatsbydre.com
domain:cheapbagshoes.com
domain:cheapbeats.us
domain:cheapbeats365.com
domain:cheapbeats4sale.net
domain:cheapbeatsaustraliasale.com
domain:cheapbeatsbus.com
domain:cheapbeatsbydr.com
domain:cheapbeatsbydrdrepro.com
domain:cheapbeatsbydre-au.com
domain:cheapbeatsbydre99.com
domain:cheapbeatsbydrefau.com
domain:cheapbeatsbydremall.com
domain:cheapbeatsbydremonster.com
domain:cheapbeatsbydrenz.net
domain:cheapbeatsbydreonsale.com
domain:cheapbeatsbydreoutlet-nz.com
domain:cheapbeatsbydreoutlet.com
domain:cheapbeatsbydreoutlets2013.com
domain:cheapbeatsbydresale.com
domain:cheapbeatsbydreshop.com
domain:cheapbeatsdrdresolo.com
domain:cheapbeatsbydrestudioedition.com
domain:cheapbeatsbydrestudioutlet.com
domain:cheapbeatsdrestudios.com
domain:cheapbeatsheadphone2014.com
domain:cheapbeatsheadphones.us
domain:cheapbeatsie.com
domain:cheapbeatsla.com
domain:cheapbeatssale4u.com
domain:cheapbeatsshopbydre.com
domain:cheapcustombeatsbydre.com
domain:cheapdrdrebeats8.com
domain:cheapdrdrebeatsca.com
domain:cheapdrebeats8.net
domain:cheaperbeatsbydresale.com
domain:cheapestbeatsdrdre.com
domain:cheapheadphonesland.com
domain:cheapheadphonessale.com
domain:cheapheadsetmall.com
domain:cheapheadsetshop.com
domain:cheapmonsterbeatsbydrdre.com
domain:cheapmonsterbeatsheadsets.com
domain:cheapmonstersbeatsonsale.com
domain:cheapmonsterbeatssale.com
domain:cheapmonsterbeatsusa.us
domain:cheapnewbeatsbydre.com
domain:cheapsalemonster.com
domain:cheapshoesvip.com
domain:cheapwireless04.com
domain:cheapwirelessbeats.com
domain:cheerwholesale.us
domain:chihair-straightener.com
domain:chinaclothesstore.com
domain:ciattackers.com
domain:cmhalq.com
domain:cnshopin.com
domain:coolmonster.net
domain:cozydrdrebeats.com
domain:cqcorea.com
domain:cuffiesaldi.com
domain:custombeatsbydrebuy.com
domain:custombeatsdeals.com
domain:custombeatsforcheap.com
domain:custombeatsny.com
domain:custombeatssbydreus.com
domain:customdrdrebeats.com
domain:customizedbeatbydre.com
domain:customizedbeatsbydre.com
domain:customizedbeatsdre.com
domain:cybermondaybeats4sale.com
domain:danemarket.com
domain:danmarkbeatsbydrdre.com
domain:dctbeatsbydre.com
domain:dealsbeatsblackfriday.com
domain:detaliczny.com
domain:apple.at
domain:apple.ae
domain:dkbeatsbydre.com
domain:drbeatsukmart.com
domain:drdre-beats.com
domain:drdrebeats-chen.com
domain:drdrebeats-headphone.com
domain:drdrebeats-usa.com
domain:drdrebeatsale.com
domain:drdrebeatsbillig.com
domain:drdrebeatsdesale.com
domain:drdrebeatsdiscount.com
domain:drdrebeatsforu.com
domain:drdrebeatsretail2013.com
domain:drdrebeatssale7.com
domain:drdrebeatsuk.com
domain:drdreheadphonebeats.com
domain:drdreheadphonekey.com
domain:drdreheadphonesusstore.com
domain:drdremonster-beats.com
domain:drdremonsterdre.com
domain:drdreprobeatssale.com
domain:drdrefnac.com
domain:drebeats-australia.com
domain:drebeats-france.com
domain:drebeats-monster.com
domain:drebeats-monsteraustralia.com
domain:drebeats-monsterusa.com
domain:drebeats-singapore.com
domain:drebeats-singapore.net
domain:drebeats-singaporecheap.com
domain:drebeats-singaporecheap.net
domain:drebeats-solo.com
domain:drebeats-studio.com
domain:drebeatsaustralia-cheap.com
domain:drebeatsaustralia-cheap.net
domain:drebeatsbuy.com
domain:drebeatsbydreoutlet.com
domain:drebeatscanada.com
domain:drebeatsdeutschland.net
domain:drebeatsforsaleus.com
domain:drebeatsheadphones-nz.com
domain:drebeatshome.com
domain:drebeatsoutletstore.com
domain:drebeatsoldes.com
domain:drebeatspill.com
domain:drebeatssite.com
domain:drebeatssolocybermondaysale.com
domain:drebeatsstudio2013.com
domain:drebeatstudio.com
domain:drebyby.com
domain:dremonsterbeatsoutlets.com
domain:dreprobeats.com
domain:dreprofy.com
domain:dtsell.com
domain:earphonescheapest.com
domain:ebuyheadphones.com
domain:esbeatsbydrebuy.com
domain:etheadphones.com
domain:famosascalvas.com
domain:findmybeats.com
domain:fr-beatsbydrestore.com
domain:francecasquebeatssolde.com
domain:frcasquesbeats.com
domain:free-aa.com
domain:free-sns.com
domain:frishoes.com
domain:gamebeforethegame.com
domain:getdrebeatssale.com
domain:gmnetworks.net
domain:gobeatsye.com
domain:gobuyonlinestore.net
domain:goodsdunk.net
domain:headphonepubs.com
domain:headphones-cool.com
domain:headphones-dre.com
domain:headphones-outlet-online.com
domain:headphonesbeatsaudio.com
domain:headphonesbeatsbydre.com
domain:headphoneses.com
domain:headphoneshome.com
domain:headphoneshotsales.com
domain:headphonesol.com
domain:headphonesretailer.com
domain:headphonessupply.com
domain:headphonezip.com
domain:headset987.com
domain:hellokittybeats.com
domain:highbolt.net
domain:highdefinitionbeatsbydre.com
domain:hipaa6020.com
domain:hipzoom.net
domain:honawalaan.com
domain:hotbeatsonsale.com
domain:hotmonsterbeats.com
domain:hottestheadphonesonline.com
domain:hrsaz.com
domain:ibeats-uk.com
domain:ibeatsbydre.cc
domain:ibeatsbydre.com
domain:igoshopping.net
domain:illianacomputerrecycling.com
domain:imonsterbeats.com
domain:incentivetravelgifts.com
domain:ioffergift.com
domain:islamiccenterofnewlondon.com
domain:italiabeatsbydrdre.com
domain:jkbeats.com
domain:kickshatchannel.com
domain:kobbeatssbydredk.com
domain:kopfhorergunstigshop.com
domain:leecountytimes.com
domain:lexuemei.com
domain:lovebeatsdr.com
domain:lovemarca.com
domain:luckyissue.com
domain:lyzsxx.com
domain:mairbeats.com
domain:makeeu.com
domain:mallheadphone.com
domain:mbeats-tech.com
domain:mbheadphone.com
domain:micstl.com
domain:mmonsterheadphones.net
domain:monbeats2013.com
domain:monster-beats-by-dr-dre.com
domain:monster-beats-headphones.com
domain:monsterbeats-cheap.com
domain:monsterbeats-headphone.com
domain:monsterbeats-onsale.com
domain:monsterbeats-solo.com
domain:monsterbeats-solo.net
domain:monsterbeats365buy.com
domain:monsterbeats8beatsbydre.com
domain:monsterbeatsale.com
domain:monsterbeatsalestore.com
domain:monsterbeatssalg.com
domain:monsterbeatsau.com
domain:monsterbeatsbydrdre-nz.com
domain:monsterbeatsbydrdre-usa.com
domain:monsterbeatsbydrdrecanada.com
domain:monsterbeatsbydrdrestudio.com
domain:monsterbeatsbydre-nz.com
domain:monsterbeatsbydre-usa.com
domain:monsterbeatsbydre2015.com
domain:monsterbeatsbydreaustraliacheap.com
domain:monsterbeatsbydrebilligde.com
domain:monsterbeatsbydrefactory.com
domain:monsterbeatsbydrenew.com
domain:monsterbeatsbydres.com
domain:monsterbeatsbydreshop.com
domain:monsterbeatscasques.com
domain:monsterbeatscommunity.com
domain:monsterbeatsdrdrecheap.com
domain:monsterbeatsfactory.net
domain:monsterbeatsfinland.com
domain:monsterbeatsforsale.com
domain:monsterbeatsheadphone.com
domain:monsterbeatsheadphones.net
domain:monsterbeatshere.com
domain:monsterbeatsitaly.com
domain:monsterbeatsmall.com
domain:monsterbeatsnegozi.net
domain:monsterbeatsok.com
domain:monsterbeatsonlinestoreuk.com
domain:monsterbeatsoutlet.us
domain:monsterbeatspascher.net
domain:monsterbeatsru.com
domain:monsterbeatssales.com
domain:monsterbeatsshops.net
domain:monsterbeatsstore.com
domain:monsterbeatssydneyaustralia.com
domain:monsterbeatstang.com
domain:monsterbeatstienda.com
domain:monsterbeatstudio.com
domain:monsterbydrebeat.com
domain:monstercasquebeatspascher.net
domain:monstercheapbeatss.com
domain:monsterdrebeats-canada.net
domain:monsterdrebeats-usa.com
domain:monsterdrebeats-usa.net
domain:monsterheadphone.net
domain:monsterproduct.net
domain:monstersbeatbydres.com
domain:monstersdebea.com
domain:monstershopcheapbeats.net
domain:moreheadphones.com
domain:ms4dre.com
domain:mybeatsbydrestudio.com
domain:mybeatsbydreuk.com
domain:mybeatscheapbydre.com
domain:myferrariheadphones.com
domain:namemybeats.com
domain:neborder.com
domain:negozimonsterbeats.com
domain:negoziomonsterbeats.com
domain:newbeatsblackfriday.com
domain:newbemany.com
domain:newdrediscount.com
domain:newestbeatsbydre.com
domain:newlysprung.net
domain:newmonst1erbeatsto1re.com
domain:newmonsterbeatsheadphones.com
domain:newschristmasshopping.com
domain:nflhotsalejerseys.com
domain:nicesshop.net
domain:offerairjordanlebron.com
domain:officialbeatsbydreshop.com
domain:officialbeatsbydrestore.com
domain:officialdrdre.com
domain:officialheadphone.com
domain:ogameblog.com
domain:onbeatsbydresale.com
domain:onlinemonsterbeatsonsale.com
domain:onsalekey.com
domain:onsaletrend.com
domain:outletbeatsshop.com
domain:pascherbeatsmonster.com
domain:paulsimon-music.com
domain:perfectkickz.net
domain:personeelsland.com
domain:autodeskfusionlifecycle.com
domain:autodeskfoundation.com
domain:autodeskformit.com
domain:autodeskforge.com
domain:autodeskforgames.com
domain:autodeskfashionstyler.com
domain:autodeskevents.com
domain:autodeskenterprise.com
domain:autodeskegitimleri.com
domain:autodeskdocandmediaeurope.com
domain:autodeskdocandmediaemea.com
domain:autodeskdocandmediaasia.com
domain:autodeskdocandmediaamericas.com
domain:autodeskdocandmedia.com
domain:autodeskdiscussions.com
domain:autodeskdesigncompetitions.com
domain:autodeskdesigncompetition.com
domain:autodeskcompetitions.com
domain:autodeskcommunications.com
domain:autodeskchronicle.com
domain:autodeskcave.com
domain:autodeskbuildspc.com
domain:autodeskbuildingops.com
domain:autodeskbuild.com
domain:autodeskbookrequest.com
domain:autodeskbim360.com
domain:autodeskautomotive.com
domain:autodeskautocadlt.com
domain:autodeskarcade.com
domain:autodeskandcitrix.com
domain:autodeskaecfeed.com
domain:autodesk360vault.com
domain:autodesk360solutionforplm.com
domain:autodesk360solutionforbim.com
domain:autodesk360pro.com
domain:autodesk360plm.com
domain:autodesk360nexus.net
domain:autodesk360nexus.com
domain:autodesk360forplm.com
domain:autodesk360forbim.com
domain:autodesk360express.com
domain:autodesk360bim.com
domain:autodesk360beta.com
domain:autodesk360access.com
domain:autodesk360.com
domain:autodesk123dnews.com
domain:autodesk123d.com
domain:autodesk.net
domain:autodesk.dev
domain:autodesk.com
domain:autodesk-usability.com
domain:autodesk-university.com
domain:autodesk-support.com
domain:autodesk-services.com
domain:autodesk-service.com
domain:autodesk-online.com
domain:autodesk-news.com
domain:autodesk-mm.com
domain:autodesk-kickoff.com
domain:autodesk-events.com
domain:autodesk-aia-me.com
domain:autocadws.net
domain:autocadws.com
domain:autocadsucks.net
domain:autocadsucks.com
domain:autocadmobile.com
domain:autocadmac.com
domain:autocadltbg.com
domain:autocadlt.com
domain:autocadfreestyle.com
domain:autocadformac.com
domain:autocadexpert.com
domain:autocadarchitecturecc.com
domain:autocad3d.com
domain:autocad360.com
domain:autocad.com
domain:autocad-schulungen.com
domain:assemblesystems.com
domain:artcampro.com
domain:artcamjewelsmith.com
domain:artcaminsignia.com
domain:artcamexpress.com
domain:artcam.com
domain:arnoldrenderer.com
domain:architectural-cadcam.com
domain:aliaswavefront.com
domain:aliasvisualizationstudio.com
domain:aliassystems.com
domain:aliassketchbookpro.com
domain:aliassketchbook.com
domain:aliasshowcase.com
domain:aliasple.com
domain:aliasimaginationsengine.com
domain:aliasadvantage.com
domain:alias.com
domain:airgunstudio.com
domain:aerospace-design.com
domain:aerospace-cadcam.com
domain:aecexcellence.com
domain:adtcc.com
domain:adskengpr.net
domain:adskengpp.net
domain:adskengineering.net
domain:adskeng.net
domain:adskcloud.net
domain:adskcloud.com
domain:adinst.com
domain:acdocs.com
domain:5axis-machining.com
domain:51tuqiang.com
domain:5-d.com
domain:3dtin.net
domain:3dtin.com
domain:3dstudio.com
domain:3drules.com
domain:3decemberonline.com
domain:3december.com
domain:3ddecember.com
domain:3d-december.com
domain:360trailers.com
domain:360plm.com
domain:360nexus.net
domain:360nexus.com
domain:360autodesk.com
domain:20yearsoffea.com
domain:123dsculpt.com
domain:123dpro.net
domain:123dpro.com
domain:123dnews.com
domain:123dmake.com
domain:123ddoodler.com
domain:123ddesign.com
domain:123dcreaturenews.com
domain:123dcreature.com
domain:123dcircuits.com
domain:123dcatch.com
domain:123dartisan.com
domain:123dappipad.com
domain:123dapp.com
domain:scripts-for-ucoz.ru
domain:narod.ru
domain:at.ua
domain:ukit.me
domain:ukit.group
domain:ukit.com
domain:ukit.ai
domain:uguide.su
domain:uguide.ru
domain:ucozmedia.ru
domain:ucozmedia.com
domain:ucoz.ua
domain:ukoz.ru
domain:ucoz.club
domain:ucozmail.com
domain:ucoz.pl
domain:ucoz.org
domain:ucoz.net
domain:ucoz.md
domain:musixmatch.com
domain:mxmcdn.net
domain:timeweb.cloud
domain:timeweb.com
domain:twcstorage.ru
domain:verisign.net
domain:verisign.sg
domain:verisign.ch
domain:verisign.es
domain:verisigninc.com
domain:verisign.com
domain:verisign.vn
domain:verisign.fr
domain:verisign.us
domain:verisign.biz
domain:verisign.tw
domain:verisign.name
domain:verisign.se
domain:verisign.hk
domain:verisign.de
domain:verisign.dk
domain:verisign.pro
domain:verisign.org
domain:verisign.asia
domain:verisign.in
domain:verisign.info
domain:verisign.jobs
domain:verisign.mobi
domain:ucoz.lv
domain:ucoz.kz
domain:ucoz.hu
domain:ucoz.fr
domain:ucoz.es
domain:ucoz.de
domain:ucoztemplates.com
domain:ucoz.site
domain:ucoz.com
domain:uweb.ru
domain:interactivebrokers.com
domain:ibkr.com
domain:ibllc.com
domain:interactivebrokers.ie
domain:interactivebrokers.ca
domain:interactivebrokers.eu
domain:ibkr.ca
domain:ibkr.eu
domain:ibkr.ie
domain:ibkrguides.com
domain:ucoz.ae
domain:ucoz.co
domain:usocial.pro
domain:ucoz.ru
domain:symantecliveupdate.com
domain:symantec.com
domain:technics.com
domain:panasonic.jp
domain:panasonic.com
domain:civitai.com
domain:routerboard.com
domain:kaspersky.nl
domain:kaspersky.be
domain:kaspersky.my
domain:kaspersky.ca
domain:kaspersky.se
domain:kaspersky.ru
domain:kaspersky.rs
domain:kaspersky.ro
domain:kaspersky.ma
domain:kaspersky.pt
domain:kaspersky.es
domain:kaspersky.com
domain:kaspersky-labs.com
domain:kaspersky.kz
domain:kaspersky.it
domain:kaspersky.gr
domain:kaspersky.fr
domain:kaspersky.cz
domain:kaspersky.de
domain:kaspersky.dk
domain:kaspersky.dz
domain:kaspersky.fi
domain:mynetname.net
domain:mt.lv
domain:mikrotik.com
domain:teamviewer.us
domain:teamviewer.com
domain:rustdesk.com
domain:nomachine.com
domain:anydesk.com
domain:neuralink.com
domain:on-media.ru
domain:mtsmedia.ru
domain:kion.ru
domain:tvoyodbo.online
domain:st.com
domain:b2c-digest.ru
domain:t2.ru
domain:tele2.ru
domain:inshot.cc
domain:inshot.com
domain:inshotapp.com
domain:louisvuitton.com
domain:reg.cloud
domain:reg.com
domain:reg.ru
domain:azbukainterneta.ru
domain:rostelecom.ru
domain:rt.ru
domain:restream-media.net
domain:restream.ru
domain:more.tv
domain:wink.am
domain:wink.ru
domain:chegg.com
domain:cheggcdn.com
domain:digitalocean.com
domain:digitalocean-ui.com
domain:digitaloceanspaces.com
domain:do.co
domain:nginxconfig.io
domain:ondigitalocean.com
domain:hubblephone.com
domain:tsi.ai
domain:kakaogamescorp.com
domain:kakaocloud.com
domain:daumkakao.io
domain:kakao.com
domain:zigzag.kr
domain:kakaocdn.net
domain:kakaoent.com
domain:kakaotalk.jp
domain:kgslb.com
domain:onkakao.net
domain:kakao.vc
domain:kakaobrain.com
domain:kakaoinvestment.com
domain:kakaomobility.com
domain:kakaopiccoma.com
domain:kakaobank.com
domain:kakaobank.io
domain:kakaobankcontent.com
domain:kakaoenterprise.com
domain:krosspictures.com
domain:kakaoilaas.com
domain:1thek.com
domain:posty.kr
domain:kakaostyle.com
domain:fashionbykakao.com
domain:dolphiners.com
domain:gleline.com
domain:kpinsurances.com
domain:kakaopaysec.com
domain:kakaocorp.com
domain:daumcdn.net
domain:kakaopay.com
domain:pastahealth.com
domain:melon.com
domain:msoopent.com
domain:karechat.ai
domain:shownote.com
domain:starship-ent.com
domain:stuidok110.com
domain:vastenm.com
domain:zipcine.com
domain:daumpcbang.com
domain:daum.net
domain:kakaovx.com
domain:kakaohealthcare.com
domain:metabora.io
domain:mtsdengi.ru
domain:mtsbank.ru
domain:dbo-dengi.online
domain:mymts.ru
domain:mts.ru
domain:mts-ws.net
domain:zarplata.ru
domain:talantix.ru
domain:setka.ru
domain:rabota.by
domain:hhcdn.ru
domain:accbusiness.com
domain:atandt.com
domain:att-bundles.com
domain:att-japan.com
domain:att-mail.com
domain:att-promotions.com
domain:att-rsvp.com
domain:att.com
domain:att.jobs
domain:att.net
domain:attalascom.com
domain:attbelieves.com
domain:attbusiness.net
domain:attcenter.com
domain:attcollaborate.com
domain:attexperts.com
domain:attglobal.net
domain:attinnovationspace.com
domain:attinternetservice.com
domain:attjoy.com
domain:attnetclient.com
domain:attonlineoffers.com
domain:attproxy.com
domain:attpublicpolicy.com
domain:attpurchasing.com
domain:attsavings.com
domain:attspecial.com
domain:attssl.com
domain:attstadium.com
domain:attsuppliers.com
domain:attuverseoffers.com
domain:attuverseonline.com
domain:attvoip.com
domain:attwifi.com
domain:attwirelessinternet.com
domain:attwirelessonline.com
domain:attwirelesssolutions.com
domain:bellsouth.net
domain:budatt.com
domain:cobatt.com
domain:currently.com
domain:currently.net
domain:directvbusinessmarket.com
domain:enterprisepaging.com
domain:itcanwait.com
domain:mymmode.com
domain:naturalvoices.com
domain:openapiplatform.com
domain:openapiservice.com
domain:patentgold.net
domain:paygonline.com
domain:raponlinereview.com
domain:signalbar.com
domain:sundayready.com
domain:synaptic.net
domain:thanksloyalty.com
domain:tvpromise.com
domain:uverse.com
domain:webhosting.com
domain:att-idns.net
domain:attdns.com
domain:attdns.net
domain:na-att-idns.net
domain:audiencenetwork.com
domain:audiencenetwork.tv
domain:cabletvdirectv.com
domain:dierectv.com
domain:dirctv.com
domain:direcpath.com
domain:direcpath.net
domain:directtv-deals.tv
domain:directtv-dish.com
domain:dkrecttv.com
domain:directtv.net
domain:directtvdeals.tv
domain:directtvreviews.com
domain:directv-4-you.com
domain:directv-newyork.com
domain:directv.com
domain:directvadsales.com
domain:directvatlantaga.com
domain:directvboston.com
domain:directvbundles.com
domain:directvbusiness.com
domain:directvcincinnatioh.com
domain:directvcinema.com
domain:directvconnect.com
domain:directvcookevilletn.com
domain:directvcrossvilletn.com
domain:directvdealer.com
domain:directvdeals.com
domain:directvdealsnow.com
domain:directvdsl.tv
domain:directvforhotels.com
domain:directvgrandslam.com
domain:directvhouston.com
domain:directvinternet.com
domain:directvkentucky.com
domain:directvlebanontn.com
domain:directvlosangeles.com
domain:directvmetropolisil.com
domain:directvmonitoring.com
domain:directvmurfreesborotn.com
domain:directvnewhampshire.com
domain:directvnow.com
domain:directvoffercodes.com
domain:directvonline.com
domain:directvplans.com
domain:directvpomise.com
domain:directvpromise.com
domain:directvpromotions.com
domain:directvrebate.com
domain:directvrichmond.com
domain:directvsavings.com
domain:directvsports.com
domain:directvsundayticket.com
domain:direectv.com
domain:diretv.com
domain:dtv2009offers.com
domain:freedirecttvspecial.com
domain:getdirect.tv
domain:hddirectv.com
domain:le-direct.tv
domain:mydirectgroove.com
domain:mydirectvchannels.com
domain:redzonechannel.com
domain:txdirectv.com
domain:xandr.com
domain:att.tv
domain:atttvnow.com
domain:attwatchtv.com
domain:dtvce.com
domain:nettyinternet.com
domain:msi.cn
domain:msi.com
domain:amd.com
domain:amdfanstore.com
domain:amdgaming.com
domain:radeon.com
domain:hh.ru
domain:bandwagonhost.com
domain:bwh1.net
domain:bwh8.net
domain:bwh81.net
domain:bwh88.net
domain:bwh89.net
domain:bwhstatus.com
domain:myenvy.ru
domain:academynetriders.com
domain:cciernslabs.com
domain:cciesecuritylabs.com
domain:ccievoicelabs.com
domain:ccna5.net
domain:cisco-returns.com
domain:cisco-warrantyfinder.com
domain:cisco.com
domain:cisco.mobi
domain:ciscoccservice.com
domain:ciscoconnectcloud.com
domain:ciscoconnectcloud.net
domain:ciscoconnectcloud.org
domain:ciscocontest.com
domain:ciscoerate.com
domain:ciscofax.com
domain:ciscoinvestments.com
domain:ciscojabbervideo.net
domain:ciscokinetic.com
domain:ciscoknowledgenetwork.com
domain:ciscolearningsociety.org
domain:ciscolearningsystem.com
domain:ciscolive.com
domain:cisconetspace.com
domain:cisconetspace.info
domain:cisconetspace.net
domain:cisconetapp.com
domain:ciscopartnermarketing.com
domain:ciscopowercube.com
domain:ciscoprice.com
domain:ciscoresearch.com
domain:ciscosoftware.com
domain:ciscospark.ca
domain:ciscospark.com
domain:ciscospark.jp
domain:ciscotaccc.com
domain:ciscotr.com
domain:ciscoturk.net
domain:ciscovideo.com
domain:ciscowebseminars.com
domain:cloudlock.com
domain:cloupia.com
domain:cloupia.net
domain:connect-in-canada.com
domain:coreoptics.net
domain:cs.co
domain:devm2m.com
domain:dnaspaces.io
domain:flipshare.com
domain:gpstheseries.com
domain:inlethd.com
domain:internetofeverything.com
domain:ioe.com
domain:kscisco.com
domain:m2m.com
domain:mcisco.com
domain:mediafiles-cisco.com
domain:metacloud.com
domain:mindmeld.com
domain:multiplydiversity.com
domain:myciscobenefits.com
domain:mysdn.com
domain:mysdn.info
domain:mysdn.net
domain:netacad.com
domain:netacad.net
domain:observable.net
domain:obsrvbl.com
domain:parstream.com
domain:parstream.net
domain:parstream.org
domain:services-exchange.com
domain:splunk.com
domain:static-cisco.com
domain:tandberg-china.com
domain:tandberg.com
domain:versly.com
domain:videochampion.com
domain:virtuata.com
domain:wballiance.com
domain:whyiwantciscotelepresence.com
domain:wifi-mx.com
domain:youtubecisco.com
domain:app-dynamics.com
domain:appdynamics.com
domain:appdynamics.de
domain:appdynamics.fr
domain:appdynamics.info
domain:appdynamics.jp
domain:appdynamics.org
domain:mearki.com
domain:meraki-go.com
domain:meraki.hk
domain:merakigo.com
domain:tail-f.com
domain:tailf.com
domain:umbrella.com
domain:opendns.com
domain:webex.ca
domain:webex.fr
domain:webex.es
domain:webex.de
domain:webex.com
domain:hh.kz
domain:hh.by
domain:dmit.io
domain:dmit.sh
domain:killercb.ru
domain:kaipoke.jp
domain:gmosign.com
domain:adam.jp
domain:alive-project.com
domain:animary.jp
domain:atokara.jp
domain:banksy.tokyo
domain:brantect.com
domain:cashmart.jp
domain:chintaidx.com
domain:click-sec.com
domain:cloudec.jp
domain:coeteco.jp
domain:colleee.net
domain:colorme-repeat.jp
domain:conoha.jp
domain:coreserver.jp
domain:decopri.net
domain:dentry.jp
domain:e-estate.jp
domain:ekiten.jp
domain:epsilon.jp
domain:fanspot.jp
domain:fincode.jp
domain:find-a.jp
domain:flatt.tech
domain:fulloutsourcing.jp
domain:gaikaex.com
domain:gesoten.com
domain:get.shop
domain:gmo-aozora.com
domain:gmo-app.jp
domain:gmo-c.jp
domain:gmo-clinic-map.com
domain:gmo-connect.com
domain:gmo-cybersecurity.com
domain:gmo-digitalpay.jp
domain:gmo-fg.com
domain:gmo-healthtech.com
domain:gmo-insight.jp
domain:gmo-mobilepay.jp
domain:gmo-office.com
domain:gmo-official.shop
domain:gmo-pa.com
domain:gmo-pg.com
domain:gmo-ps.com
domain:gmo-rakurakuhp.jp
domain:gmo-research.ai
domain:gmo-sol.jp
domain:gmo-vp.com
domain:gmo.jp
domain:gmo.media
domain:gmoask.jp
domain:gmobb.jp
domain:gmocloud.com
domain:gmopg.jp
domain:kantan.game
domain:gmossp.jp
domain:globalsign.eu
domain:goope.jp
domain:hakaru.ai
domain:heteml.jp
domain:hotel-reviewn.com
domain:infoq.jp
domain:iprad-ryoma.com
domain:jword.jp
domain:1-account.com
domain:good-apps.jp
domain:30d.jp
domain:shop-pro.jp
domain:karabako-gmo.com
domain:kireipass.jp
domain:koukoku.jp
domain:kumagai.com
domain:kumapon.jp
domain:lolipop.jp
domain:makeappli.jp
domain:makerepeater.jp
domain:apple.ie
domain:globalsign.fr
domain:globalsign.be
domain:globalsign.net
domain:meo-dash.com
domain:michill.jp
domain:minne.com
domain:muumuu-domain.com
domain:nomyne.com
domain:okiwine.jp
domain:omakase.in
domain:onamae-desktop.com
domain:onamae-office.com
domain:onamae.com
domain:osaipo.jp
domain:oshiete.ai
domain:out-app-purchase.com
domain:pepabo.com
domain:playads.jp
domain:pointtown.com
domain:prcm.jp
domain:pricesearch.jp
domain:renshu.com
domain:seo-dash.net
domain:seodirector.ai
domain:seotimes.jp
domain:shisho.dev
domain:shuminavi.net
domain:smaad.net
domain:sokuresu.ai
domain:suzuri.jp
domain:taxel.media
domain:tenbin.ai
domain:tenten.vn
domain:toritonssl.com
domain:townwifi.jp
domain:trustlogin.com
domain:value-domain.com
domain:value-server.com
domain:waccas.com
domain:globalsign.nl
domain:xrea.com
domain:z.com
domain:zeibit.ai
domain:ztrendlab.com
domain:globalsign.es
domain:globalsign-media.com
domain:globalsign.ch
domain:globalsign.cloud
domain:affinity.studio
domain:canva.com
domain:canvastatus.com
domain:s-rewards.hk
domain:smartone.com
domain:hkcircleapp.com
domain:homephoneplus.com
domain:ip73.com
domain:s-cashonmobile.com
domain:healthreach.hk
domain:sahabatsetiasmartone.com
domain:barkadahansasmartone.com
domain:smartoneholdings.com
domain:smartonerobotics.com
domain:wise-research.com
domain:smartonesolutions.hk
domain:valuegb.com
domain:envyday.ru
domain:godaddy.com
domain:godaddy.net
domain:wsimg.com
domain:x.co
domain:csifund.org
domain:hkbn.net
domain:hkbnes.net
domain:jos.com
domain:hewlett-packard.co
domain:hewlett-packard.jp
domain:hewlett-packard.asia
domain:hewlett-packard.ch
domain:hpecyber.com
domain:hpe.com
domain:greenlakehybridcloud.com
domain:hewlettpackard.enterprises
domain:greenlakeaas.com
domain:hewlett-packard.mobi
domain:qualcommretail.com
domain:ipleadership.org
domain:qualcomm.com
domain:dragoniscoming.com
domain:gobianywhere.com
domain:hellosmartbook.com
domain:imod.com
domain:brewmp.com
domain:iskoot.com
domain:meetsmartbook.com
domain:patenttruth.org
domain:pixtronix.com
domain:xtracloud.net
domain:qctconnect.com
domain:qprize.com
domain:qualcomm-email.com
domain:qualcomm-inc.com
domain:wirelessreach.com
domain:wipower.com
domain:uplinq.com
domain:qcomgeo2.com
domain:berkanawireless.com
domain:cdmatech.com
domain:snapdragonbooth.com
domain:snapdragon.cn
domain:qualcomm.de
domain:qualcomm.fr
domain:qualcommhalo.com
domain:qualcommlabs.com
domain:qualcommmea.com
domain:airgonetworks.com
domain:qualcommventures.cn
domain:qualcommventures.com
domain:qualphone.com
domain:quicinc.com
domain:envycrm.com
domain:envycdp.ru
domain:envycdp.com
domain:envybox.su
domain:envybox.kg
domain:envybox.io
domain:envybox.family
domain:envybox.company
domain:awstrust.com
domain:amazonlaunchpad.com
domain:aboutamazon.fr
domain:aboutamazon.in
domain:aboutamazon.it
domain:aboutamazon.jp
domain:aboutamazon.pl
domain:aboutamazon.sg
domain:amaaozn.com
domain:amazon-fashions.com
domain:amazon-jp-recruiting.com
domain:amazon-lantern.com
domain:amazon-launchpad.com
domain:amazon.ae
domain:amazon.ca
domain:amazon.cl
domain:amazon.com
domain:amazon.de
domain:wholeplanetfoundation.org
domain:wholekidsfoundation.org
domain:wholefoodsmarket.com
domain:amazonaws-china.com
domain:wholefoods.com
domain:wholecitiesfoundation.org
domain:wfm.com
domain:primevideo.tv
domain:elasticbeanstalk.com
domain:primevideo.info
domain:primevideo.com
domain:amazon.dev
domain:amazon.eg
domain:amazon.es
domain:amazon.fr
domain:amazon.ie
domain:amazon.in
domain:amazon.it
domain:amazon.jobs
domain:amazon.jp
domain:amazon.lu
domain:amazon.nl
domain:amazon.pl
domain:amazon.red
domain:amazon.sa
domain:amazon.se
domain:amazon.sg
domain:amazonalexavoxcon.com
domain:amazonauthorinsights.com
domain:amazonbusiness.org
domain:amazonbusinessblog.com
domain:amazondevicesupport.com
domain:amazonfctours.com
domain:amazonianblog.com
domain:amazonimages.com
domain:aesworkshops.com
domain:amazonliterarypartnership.com
domain:amazonlumberyard.wang
domain:amazonpay.com
domain:amazonpay.in
domain:amazonsdi.com
domain:amazonstudiosguilds.com
domain:amazonvideodirect.com
domain:amzn.asia
domain:amzn.com
domain:amzn.to
domain:amznl.com
domain:associates-amazon.com
domain:gameon-masters.com
domain:gdansk-amazon.com
domain:images-amazon.com
domain:media-amazon.com
domain:primeday.info
domain:seattlespheres.com
domain:siege-amazon.com
domain:ssl-images-amazon.com
domain:ueberamazon.de
domain:yamaxun.com
domain:alexa.com
domain:audible.com
domain:createspace.com
domain:amazontrust.com
domain:aboutamazon.es
domain:ss2.us
domain:aboutamazon.de
domain:awsbraket.com
domain:primevideo.org
domain:aboutamazon.eu
domain:primevideo.cc
domain:amazonaws.biz
domain:amzndns.org
domain:amazonaws.com
domain:amazonaws.info
domain:amazonaws.net
domain:amazonaws.org
domain:amazonaws.tv
domain:amazoncognito.com
domain:amazonses.com
domain:amazonworkdocs.com
domain:amplifyapp.com
domain:amplifyframework.com
domain:aws-iot-hackathon.com
domain:aws.com
domain:aws.dev
domain:awsapprunner.com
domain:awsapps.com
domain:awsautopilot.com
domain:amzndns.net
domain:acmvalidationsaws.com
domain:awseducate.net
domain:awsedstart.com
domain:awseducate.com
domain:awscommandlineinterface.com
domain:awseducate.org
domain:awsglobalaccelerator.com
domain:awsloft-johannesburg.com
domain:awsloft-stockholm.com
domain:awssecworkshops.com
domain:awsstatic.com
domain:awsthinkbox.com
domain:awstrack.me
domain:awswaf.com
domain:cdkworkshop.com
domain:cloudfront.com
domain:cloudfront.net
domain:containersonaws.com
domain:acmvalidations.com
domain:thinkboxsoftware.com
domain:awsautoscaling.com
domain:amzndns.com
domain:prime-video.com
domain:amazonvideo.com
domain:amazonvideo.cc
domain:aboutamazon.com
domain:boxofficemojo.com
domain:imdb.com
domain:imdb.to
domain:media-imdb.com
domain:a2z.com
domain:kindle.it
domain:kindle.in
domain:kindle.com
domain:kindle.de
domain:kindle.jp
domain:kindle.fr
domain:kindleproject.com
domain:kindleoasisnews.com
domain:kindle.es
domain:kindleoasis.com
domain:kindleoasis.info
domain:kindleoasis.jp
domain:kindleoasis.org
domain:kindleoasis.us
domain:amazonprimevideos.com
domain:aiv-cdn.net
domain:collabora.com
domain:collabora.org
domain:collaboraoffice.com
domain:comodo.com
domain:comodo.net
domain:faronics.eu
domain:deepfreeze.eu
domain:faronicswise.com
domain:faronicslabs.com
domain:faronics.com
domain:deepfreeze.net
domain:deepfreeze.tech
domain:faronics.tech
domain:deepfreeze.com
domain:faronics.ca
domain:genetic-technologies.am
domain:genotek.am
domain:genotek.es
domain:genotek.eu
domain:genotek.health
domain:genotek.ru
domain:eligens.cl
domain:eligens.io
domain:corel.com
domain:corel.net
domain:coreldraw.app
domain:coreldraw.com
domain:corelstore.com
domain:mozilla.ro
domain:getfirebug.com
domain:bugzilla.org
domain:detodosparatodos.org
domain:discovershiretoko.org
domain:mozillabd.org
domain:extensionworkshop.com
domain:foxkeh.com
domain:foxkeh.jp
domain:mozillademos.org
domain:getpersonas.com
domain:getpocket.com
domain:hackasaurus.org
domain:interforest.org
domain:itisatrap.org
domain:learningfreedomandtheweb.org
domain:lizardwrangler.com
domain:mecha-mozilla.org
domain:mozaws.net
domain:mozgcp.net
domain:mozilla-europe.org
domain:mozilla-hispano.org
domain:mozilla-mexico.org
domain:mozilla.ai
domain:mozilla.com
domain:mozilla.community
domain:mozilla.cz
domain:mozilla.de
domain:mozilla.jp
domain:mozilla.lt
domain:mozilla.net
domain:mozilla.org
domain:mozilla.pe
domain:mozilla.pt
domain:allizom.net
domain:ecmascript.org
domain:allizom.org
domain:mozillafactory.org
domain:mozillafoundation.org
domain:mozillaignite.org
domain:mozillalabs.com
domain:mozillaquebec.org
domain:mozillazine.jp
domain:mozillians.org
domain:mozit.cloud
domain:mzl.la
domain:onemozilla.org
domain:opentimetable.jp
domain:popcornjs.org
domain:publicsuffix.org
domain:seamonkey-project.org
domain:tb.pro
domain:thunderbird.net
domain:thundermail.com
domain:webmademovies.org
domain:mdn.dev
domain:mdnplay.dev
domain:mdnyalp.dev
domain:extendfirefox.com
domain:firefox.com
domain:firefox.hu
domain:firefoxtweetmachine.com
domain:firefoxusercontent.com
domain:naver.com
domain:naver.me
domain:naver.net
domain:navercorp.com
domain:nheos.com
domain:pstatic.net
domain:clova.ai
domain:navercloudcorp.com
domain:naverncp.com
domain:ncloud.com
domain:worksmobile.com
domain:naverfincorp.com
domain:snow.me
domain:snowcorp.com
domain:vday.io
domain:studiolico.com
domain:studioncorp.com
domain:wattpad.com
domain:webtoons.com
domain:webtoonscorp.com
domain:band.us
domain:grafolio.com
domain:modoo.at
domain:naver.jp
domain:naverads.com
domain:naverlabs.com
domain:plug.game
domain:prismlive.com
domain:linemobile.com
domain:lineshoppingseller.com
domain:line-apps-beta.com
domain:line-apps-rc.com
domain:line-apps.com
domain:line-beta.me
domain:line-cdn.net
domain:line.biz
domain:nhncorp.jp
domain:lin.ee
domain:line-scdn.net
domain:linecorp.com
domain:linefriends.com
domain:linetv.tw
domain:linegame.jp
domain:gcld-line.com
domain:linemyshop.com
domain:line.me
domain:cbkiller.com
domain:callbackkiller.com
domain:sonybuilding.jp
domain:playstation.net
domain:yourfantasybeginsnow.com
domain:sony-semicon.com
domain:ginzasonypark.jp
domain:sony-africa.com
domain:sony-asia.com
domain:sony-europe.com
domain:wwtbam.com
domain:sony-latin.com
domain:sony-mea.com
domain:sony-olympus-medical.com
domain:sony-promotion.eu
domain:sony.at
domain:sony.ba
domain:sony.be
domain:sony.bg
domain:sony.biz
domain:sony.ca
domain:sony.ch
domain:sony.cl
domain:wheelpop.com
domain:sonypicturestelevisiongames.com
domain:sonypicturestelevision.com
domain:sony.es
domain:sonypicturesstudios.com
domain:sonypicturesmuseum.com
domain:sonypicturesanimation.com
domain:sonypictures.com
domain:sony.com
domain:sonyclassics.com
domain:playshowtv.com
domain:playshow.io
domain:motionpictureser.com
domain:imageworks.com
domain:sony.eu
domain:sonyentertainmentnetwork.com
domain:sony.ro
domain:playstation.com
domain:sovec.net
domain:sonypcl.jp
domain:sonylatvija.com
domain:sonykigyo.jp
domain:sonyglobalsolutions.jp
domain:sonydna.com
domain:sonydesign.com
domain:nuro.jp
domain:sonybsc.com
domain:sony.ua
domain:sony.sk
domain:sony.si
domain:sony.se
domain:sony.cz
domain:sony.de
domain:sony.dk
domain:sony.ee
domain:sony.ru
domain:sony.fi
domain:sony.rs
domain:sony.fr
domain:sony.gr
domain:sony.hr
domain:sony.hu
domain:sony.ie
domain:sony.it
domain:sony.kz
domain:sony.lt
domain:sony.lu
domain:sony.lv
domain:sony.net
domain:sony.nl
domain:sony.no
domain:sony.pl
domain:sony.pt
domain:xo.com
domain:vzw.com
domain:verizonwireless.com
domain:verizonmedia.com
domain:verizonfios.com
domain:verizonenterprise.com
domain:verizondigitalmedia.com
domain:verizonbusinessfios.com
domain:verizon.net
domain:spaceship.com
domain:spacemail.com
domain:asus.com
domain:asuscloud.com
domain:asuswebstorage.com
domain:botmechanic.io
domain:ceosummit.ru
domain:mind-box.ru
domain:mindbox-notifications.ru
domain:mindbox.cloud
domain:mindbox.group
domain:mindbox.ru
domain:mindbox.site
domain:mindbox.so
domain:popmechanic.io
domain:popmechanic.ru
domain:summitceo.ru
domain:wisecoin.com
domain:wiseid.com
domain:wisekey.com
domain:verizon.com
domain:anexia.at
domain:anexia.com
domain:anexia-engine.com
domain:anexia-it.com
domain:fifthns.com
domain:firstns.cc
domain:fourthns.systems
domain:secondns.at
domain:thirdns.de
domain:bestsrv.de
domain:customercontrolpanel.de
domain:dnsserver1.de
domain:dnsserver2.de
domain:goodsrv.de
domain:happysrv.de
domain:hotsrv.de
domain:luckysrv.de
domain:megasrv.de
domain:netcup.cafe
domain:netcup.com
domain:netcup.de
domain:netcup.eu
domain:netcup.net
domain:netcup-news.de
domain:netcup-sonderangebote.de
domain:netcup-wiki.de
domain:nicesrv.de
domain:powersrv.de
domain:quicksrv.de
domain:servercontrolpanel.de
domain:supersrv.de
domain:ultrasrv.de
domain:yourvserver.net
domain:broadcom.com
domain:cfblob.com
domain:cloudchoose.com
domain:cloudvolumes.com
domain:cmpaas.com
domain:cpedge.com
domain:crit-staging.com
domain:experience-vmware.com
domain:gemfire.net
domain:geodesummit.com
domain:getboxer.com
domain:gitstar.com
domain:gitstar.net
domain:gopivotal.net
domain:greenplum.net
domain:hwslabs.com
domain:immidio.com
domain:itfromtheinside.com
domain:latamvmwareforum.com
domain:pivotalinitiative.com
domain:snapvolumes.com
domain:ssdevrd.com
domain:vcanedge.com
domain:vcloudair.net
domain:vfabric.net
domain:vidmpreview.com
domain:virsto.com
domain:virsto.net
domain:vmglobal.net
domain:vmmark.com
domain:vmtestdrive.com
domain:vmw.com
domain:vmware-cloudmanagement.com
domain:vmware-techcenter.com
domain:vmware.com
domain:vmware20mosaic.com
domain:vmwareausnews.com
domain:vmwarecertificationvideos.com
domain:vmwarecloud.com
domain:vmwaredemandcenter.com
domain:vmwareemeablog.com
domain:vmwaregrid.com
domain:vmwarehorizon.com
domain:vmwareidentity.com
domain:vmwarelearning.com
domain:vmwarelearningplatform.com
domain:vmwarestuff.com
domain:vmwareusergroupstore.com
domain:vmwareviewpoint.com
domain:vmwarevmc.com
domain:vmwdemo.com
domain:vmwgcomms.com
domain:vmwhorizonair.com
domain:vmwidm-ads.com
domain:vmwidm.com
domain:vmwlabconnect.com
domain:vmwlearningplatform.com
domain:vmworld.com
domain:vmworld2010.com
domain:vmworld2013.com
domain:vmwsalesrewards.com
domain:vmwservices.com
domain:vnware.net
domain:whychoosehorizon.com
domain:whychooseview.com
domain:whychoosevmwareeuc.com
domain:windowsuem.com
domain:workspaceair.com
domain:xlstudio.com
domain:avinetworks.com
domain:badaas.com
domain:bitnami.com
domain:bitnamiapp.com
domain:bitnamistudio.com
domain:dockerizer.com
domain:cloudcredibility.com
domain:cloudhealthtech.com
domain:cloudlive.com
domain:kubeacademy.com
domain:kubeapps.com
domain:nyansa.com
domain:velocloud.com
domain:gopivotal.com
domain:heptio.com
domain:aliveipc.com
domain:aliveitsm.com
domain:aliveprofiler.com
domain:alivercm.com
domain:aliverewind.com
domain:alivertsm.com
domain:alivevm.com
domain:alivevmax.com
domain:alivevue.com
domain:vsphere.com
domain:vsphere.net
domain:air-watch.com
domain:airwatchexpress.com
domain:airwatchqa.com
domain:getws1.com
domain:getwsone.com
domain:whatisairwatch.com
domain:whatisworkspaceone.com
domain:workspaceone.com
domain:bimsaas.ru
domain:beescrm.ru
domain:beesbfl.ru
domain:appdomain.cloud
domain:bluemix.com
domain:bluemix.net
domain:ibm.com
domain:ibm.eu
domain:ibm.net
domain:ibm.us
domain:s-bluemix.net
domain:s81c.com
domain:consul.io
domain:hashicorp.com
domain:nomadproject.io
domain:packer.io
domain:terraform.io
domain:vagrantcloud.com
domain:vagrantup.com
domain:vaultproject.io
domain:nvidia.nl
domain:nvidiaforhp.com
domain:geforce.com
domain:tegrazone.kr
domain:tegrazone.jp
domain:gputechconf.com
domain:tegrazone.com
domain:tegrazone.co
domain:gputechconf.eu
domain:gputechconf.in
domain:gputechconf.jp
domain:nvidia.asia
domain:nvidia.at
domain:nvidia.be
domain:nvidia.ch
domain:shotwithgeforce.com
domain:nvidiagrid.net
domain:nvidia.fr
domain:nvidia.tw
domain:nvidia.cz
domain:nvidia.com
domain:nvidia.se
domain:nvidia.ru
domain:nvidia.ro
domain:nvidia.pl
domain:nvidia.no
domain:nvidia.mx
domain:nvidia.lu
domain:nvidia.jp
domain:nvidia.it
domain:nvidia.in
domain:nvidia.de
domain:nvidia.dk
domain:nvidia.es
domain:nvidia.eu
domain:nvidia.fi
domain:uplynk.com
domain:static-verizon.com
domain:ouroath.com
domain:oath.com
domain:oath.cloud
domain:porkbun.com
domain:bananacall.ru
domain:netvigator.com
domain:hktshop.com
domain:hktpremier.com
domain:hkteducation.com
domain:hkt.com
domain:hkt-eye.com
domain:pccw.com
domain:hkcsl.com
domain:hkt-enterprise.com
domain:pccwglobal.com
domain:viu.com
domain:viu.tv
domain:now-ashare.com
domain:now-tv.com
domain:esmarthealth.com
domain:uhub.com
domain:pccwsolutions.com
domain:moov.hk
domain:now.com
domain:nowe.com
domain:nowe.hk
domain:live.com.au
domain:sony.com.gt
domain:nvidia.com.ve
domain:tegrazone.co.kr
domain:gputechconf.com.tw
domain:geforce.co.uk
domain:nvidia.co.in
domain:nvidia.co.jp
domain:nvidia.co.kr
domain:nvidia.com.au
domain:nvidia.com.br
domain:nvidia.com.mx
domain:nvidia.com.pe
domain:nvidia.com.pl
domain:theclub.com.hk
domain:1010.com.hk
domain:now.com.hk
domain:geforce.co.kr
domain:nvidia.com.tr
domain:nvidia.com.tw
domain:nvidia.com.ua
domain:gputechconf.com.au
domain:nvidia.co.uk
domain:nvidia.co.at
domain:wisekey.com.hk
domain:sony-semicon.co.jp
domain:sony-hes.co.jp
domain:sony.co.cr
domain:sony.co.id
domain:sony.co.in
domain:sony.co.kr
domain:sony.co.nz
domain:sony.co.th
domain:so-net.ne.jp
domain:sony.com.ar
domain:sony.com.au
domain:sony.com.bo
domain:sony.com.br
domain:sony.com.co
domain:sony.com.ec
domain:blogspot.com.ng
domain:sony.com.hk
domain:sonynetwork.co.jp
domain:so-net.net.tw
domain:sony.com.hn
domain:sonytc.co.jp
domain:sonystoragemedia.co.jp
domain:sonyprotechnosupport.co.jp
domain:sony.com.mk
domain:sony.com.mx
domain:sony.com.my
domain:sony.com.ni
domain:sony.com.pa
domain:sony.com.pe
domain:sony.com.ph
domain:sony.com.sg
domain:sonybo.co.jp
domain:sony.com.sv
domain:sony.com.tr
domain:sony.com.tw
domain:sony.com.vn
domain:sony.co.jp
domain:sony.com.do
domain:sony.co.uk
domain:group-ib.co.uk
domain:redtube.com.br
domain:linefriends.com.tw
domain:mozilla.org.uk
domain:eligens.com.br
domain:faronics.co.uk
domain:faronicswise.co.uk
domain:deepfreeze.com.br
domain:faronics.com.au
domain:clickedu.co.uk
domain:faronics.com.sg
domain:deepfreeze.co.uk
domain:collabora.co.uk
domain:cht.com.tw
domain:aboutamazon.co.uk
domain:aboutamazon.com.au
domain:amazon.co.jp
domain:amazon.co.za
domain:intel.com.ec
domain:amazon.com.be
domain:amzndns.co.uk
domain:amazon.com.mx
domain:amazon.com.co
domain:kindle.co.jp
domain:amazon.com.ng
domain:amazon.co.uk
domain:amazon.com.tr
domain:amazon.com.br
domain:kindle.co.uk
domain:amazonaws.co.uk
domain:wholefoodsmarket.co.uk
domain:qualcomm.co.uk
domain:qualcomm.co.kr
domain:qualcomm.co.id
domain:qualcomm.co.in
domain:qualcomm.co.jp
domain:qualcomm.com.br
domain:qualcomm.com.tw
domain:hewlett-packard.com.cn
domain:hewlett-packard.co.uk
domain:hewlett-packard.com.mx
domain:hewlett-packard.com.sg
domain:hewlett-packard.co.il
domain:speedtest.com.hk
domain:hkbn.com.hk
domain:smartonesolutions.com.hk
domain:chtf.org.tw
domain:globalsign.co.uk
domain:globalsign.com.au
domain:globalsign.com.hk
domain:globalsign.com.sg
domain:globalsign.com.br
domain:enpay.co.jp
domain:gmo-rast.co.jp
domain:ird.co.jp
domain:medical-reserve.co.jp
domain:wadax.ne.jp
domain:webex.co.in
domain:webex.co.it
domain:webex.co.jp
domain:webex.com.mx
domain:webex.com.hk
domain:webex.com.br
domain:webex.com.au
domain:webex.co.kr
domain:webex.co.nz
domain:yahoo.com.bd
domain:yahoo.com.ly
domain:yahoo.com.bz
domain:yahoo.com.vn
domain:yahoo.com.vc
domain:yahoo.com.uy
domain:yahoo.com.ua
domain:yahoo.com.tw
domain:yahoo.com.tr
domain:yahoo.com.tj
domain:yahoo.com.sv
domain:yahoo.com.sg
domain:yahoo.com.sb
domain:yahoo.com.sa
domain:yahoo.com.py
domain:yahoo.com.pr
domain:yahoo.com.pk
domain:yahoo.com.ph
domain:yahoo.com.pe
domain:yahoo.com.pa
domain:yahoo.com.om
domain:yahoo.com.nf
domain:yahoo.com.na
domain:yahoo.com.my
domain:yahoo.com.mx
domain:yahoo.com.mt
domain:yahoo.com.lb
domain:yahoo.com.kw
domain:yahoo.com.hk
domain:yahoo.com.gt
domain:yahoo.com.gi
domain:yahoo.com.fj
domain:yahoo.com.es
domain:yahoo.com.eg
domain:yahoo.com.ec
domain:yahoo.com.do
domain:yahoo.com.co
domain:yahoo.com.br
domain:yahoo.com.bo
domain:yahoo.com.au
domain:yahoo.com.ar
domain:yahoo.com.ai
domain:yahoo.com.ag
domain:yahoo.com.af
domain:yahoo.co.za
domain:yahoo-news.com.hk
domain:yahoo.co.vi
domain:yahoo.co.ve
domain:yahoo.co.uz
domain:yahoo.co.uk
domain:yahoo.co.tz
domain:yahoo.co.th
domain:yahoo.co.nz
domain:yahoo.co.mz
domain:yahoo.co.kr
domain:yahoo.co.jp
domain:yahoo.co.in
domain:yahoo.co.il
domain:yahoo.co.id
domain:yahoo.co.cr
domain:yahoo.co.ck
domain:yahoo.co.bw
domain:yahoo.co.ao
domain:webex.co.uk
domain:appdynamics.co.uk
domain:amd.com.cn
domain:kakao.co.kr
domain:antenna.co.kr
domain:awesomeent.co.kr
domain:bhent.co.kr
domain:istent.co.kr
domain:jwide.co.kr
domain:logosfilm.co.kr
domain:megamon.co.kr
domain:ootbstudio.co.kr
domain:lionhearts.co.kr
domain:sena.co.kr
domain:kaspersky.co.in
domain:kaspersky.co.jp
domain:kaspersky.co.kr
domain:kaspersky.co.th
domain:kaspersky.co.za
domain:kaspersky.com.au
domain:kaspersky.com.br
domain:kaspersky.com.hk
domain:kaspersky.com.pl
domain:kaspersky.com.tr
domain:kaspersky.com.tw
domain:kaspersky.com.vn
domain:kaspersky.co.uk
domain:interactivebrokers.co.in
domain:ibkr.com.hk
domain:interactivebrokers.com.sg
domain:interactivebrokers.com.hk
domain:interactivebrokers.com.au
domain:ibkr.com.sg
domain:interactivebrokers.co.uk
domain:interactivebrokers.co.jp
domain:ibkr.co.uk
domain:ibkr.co.in
domain:ibkr.com.au
domain:verisign.co.uk
domain:verisign.com.au
domain:verisign.com.cn
domain:verisign.com.hk
domain:verisign.com.sg
domain:verisign.com.tw
domain:verisign.co.in
domain:verisign.com.br
domain:verisign.com.vn
domain:verisign.com.es
domain:applemusic.com.au
domain:apple.co.cr
domain:apple.co.hu
domain:apple.co.jp
domain:apple.co.kr
domain:apple.co.mz
domain:apple.co.nz
domain:apple.co.th
domain:apple.co.uk
domain:apple.com.af
domain:apple.com.au
domain:ucoz.co.il
domain:ucoz.com.ro
domain:ucoz.com.br
domain:ucoz.co.uk
domain:apple.com.bo
domain:apple.com.br
domain:apple.com.co
domain:apple.com.de
domain:apple.com.do
domain:apple.com.gr
domain:apple.com.gy
domain:apple.com.jm
domain:apple.com.lk
domain:apple.com.mg
domain:apple.com.mx
domain:apple.com.my
domain:apple.com.pa
domain:apple.com.pe
domain:apple.com.pl
domain:apple.com.pr
domain:apple.com.py
domain:apple.com.sg
domain:apple.com.sv
domain:ipod.com.au
domain:apple.com.tw
domain:apple.com.uy
domain:apple.net.gr
domain:appstore.co.id
domain:apple.comscoreresearch.com
domain:applepay.co.rs
domain:applepay.com.tw
domain:applestore.co.hu
domain:applestore.co.jp
domain:applestore.co.ug
domain:applestore.co.uk
domain:applestore.com.au
domain:applestore.com.bn
domain:applestore.com.ee
domain:applestore.com.eg
domain:applestore.com.gr
domain:applestore.com.hk
domain:applestore.com.hr
domain:applestore.com.jo
domain:applestore.com.my
domain:applestore.com.ph
domain:applestore.com.pl
domain:applestore.com.pt
domain:applestore.com.ro
domain:applestore.com.ru
domain:applestore.com.sn
domain:applestore.com.tw
domain:applestore.net.gr
domain:apple-watch.com.ru
domain:ibook.co.nz
domain:imac.co.nz
domain:ipad.co.kr
domain:ipadair.com.br
domain:ipadair.com.es
domain:ipadmini.com.lk
domain:apple.com.tr
domain:ipod.com.fr
domain:ipod.com.hk
domain:ipod.com.sg
domain:ipod.com.tw
domain:ipodrocks.com.au
domain:ipodshop.com.au
domain:iphone.com.au
domain:iphone.com.gr
domain:iphone.net.gr
domain:iphone4.com.br
domain:iphoneacessorios.com.br
domain:iphoneclaro.com.br
domain:macbookair.co.kr
domain:macbookair.co.uk
domain:macbookair.com.au
domain:macbookair.com.es
domain:macbookpro.com.au
domain:macos.com.au
domain:1to1computing.com.au
domain:1to1conference.com.au
domain:appleaustralia.com.au
domain:appleaustralia.net.au
domain:applecentar.co.rs
domain:applecentre.com.au
domain:appleclub.com.hk
domain:applecomputer.co.in
domain:ipod.co.uk
domain:applecomputer.com.hk
domain:applecomputer.com.tw
domain:applecomputers.co.nz
domain:applehongkong.com.hk
domain:applemalaysia.com.my
domain:applepremiumreseller.com.au
domain:applepremiumresellers.com.au
domain:applecomputer.co.nz
domain:emac.co.in
domain:ichat.co.in
domain:ipod.co.za
domain:lojaiphone.com.br
domain:mac.com.au
domain:mr-apple.com.tw
domain:quicktime.com.au
domain:webobjects.co.uk
domain:itunes.co.th
domain:12diasderegalosdeitunes.com.ve
domain:12diasderegalosdeitunes.com.ni
domain:12diasderegalosdeitunes.com.hn
domain:12diasderegalosdeitunes.com.co
domain:12diasderegalosdeitunes.co.ve
domain:12diasderegalosdeitunes.co.ni
domain:12diasderegalosdeitunes.co.cr
domain:apple.com.pt
domain:ipod.co.nz
domain:appleshop.co.uk
domain:ilecture.co.nz
domain:skyperfectv.co.jp
domain:openweather.co.uk
domain:logitechio.com.cn
domain:logitechg.com.cn
domain:logitech.com.cn
domain:logicool.co.jp
domain:intel.com.hk
domain:intel.co.cr
domain:intel.com.ve
domain:intel.co.il
domain:intel.co.jp
domain:intel.co.kr
domain:intel.co.uk
domain:intel.co.za
domain:intel.com.ar
domain:altera.co.jp
domain:intel.com.bo
domain:youtube.com.uy
domain:gputechconf.co.kr
domain:dell.com.dm
domain:amazon.com.au
domain:intel.co.ae
domain:intel.com.jm
domain:intel.com.cn
domain:intel.com.my
domain:intel.com.tr
domain:intel.com.ph
domain:intel.com.pr
domain:intel.com.py
domain:intel.com.pe
domain:intel.com.co
domain:intel.com.uy
domain:intel.co.id
domain:intel.com.tw
domain:canon-ebm.com.hk
domain:canon-se.com.tw
domain:canon.com.tw
domain:canon.co.il
domain:canon.co.uk
domain:canon.co.za
domain:canon.com.cy
domain:canon.com.mt
domain:canon.com.al
domain:canon.com.tr
domain:canon.com.mk
domain:canon.com.by
domain:canon.com.my
domain:canon.com.au
domain:canon.com.hk
domain:odnoklassniki.co.ee
domain:alienware.co.cr
domain:alienware.co.il
domain:alienware.co.in
domain:del.com.br
domain:alienware.co.uk
domain:alienware.com.au
domain:alienware.com.es
domain:dell.com.pk
domain:alienware.com.my
domain:alienware.com.sg
domain:dell.com.ph
domain:dell.com.ec
domain:dell.co.id
domain:dell.co.il
domain:dell.co.in
domain:dell.co.jp
domain:dell.co.kr
domain:dell.co.mu
domain:dell.co.nz
domain:dell.co.th
domain:dell.co.tt
domain:dell.co.uk
domain:dell.co.vi
domain:dell.co.za
domain:dell.com.ag
domain:dell.com.do
domain:dell.com.ar
domain:dell.com.gt
domain:dell.com.bb
domain:dell.com.bo
domain:dell.com.br
domain:dell.com.bs
domain:dell.com.bz
domain:dell.com.co
domain:dell.com.cy
domain:geforce.com.tw
domain:dell.com.ai
domain:dell.com.ve
domain:dell.com.au
domain:dell.com.pe
domain:dell.com.gy
domain:dell.com.hk
domain:dell.com.hn
domain:dell.com.hr
domain:dell.com.ht
domain:dell.com.jm
domain:dell.com.kn
domain:dell.com.ky
domain:dell.org.il
domain:dell.com.lc
domain:dell.com.ly
domain:dell.com.mk
domain:dell.com.mt
domain:dell.com.mx
domain:dell.com.my
domain:dell.com.na
domain:dell.com.ng
domain:dell.com.ni
domain:dell.com.pa
domain:dell.com.vi
domain:dell.com.pl
domain:dell.com.pr
domain:dell.com.py
domain:dell.com.ru
domain:dell.com.sa
domain:dell.com.sg
domain:dell.com.tc
domain:dell.com.tr
domain:dell.com.tt
domain:dell.com.tw
domain:dell.com.ua
domain:dell.com.uy
domain:dell.com.vc
domain:dell.com.gr
domain:alienware.co.nz
domain:2gis.com.cy
domain:sandisk.co.jp
domain:sandisk.co.kr
domain:sandisk.com.au
domain:sandisk.com.br
domain:sandisk.com.tr
domain:sandisk.com.tw
domain:sandisk.co.uk
domain:intel.com.au
domain:microsoftstore.com.hk
domain:skype-edf.akadns.net
domain:skypedata.akadns.net
domain:visualstudio.co.uk
domain:onedrive.co.uk
domain:intuit.com.au
domain:quickbooks.com.br
domain:quickbooks.com.au
domain:google.co.ao
domain:google.co.bw
domain:google.co.ck
domain:google.co.cr
domain:google.co.id
domain:google.co.il
domain:google.co.in
domain:google.co.jp
domain:google.co.ke
domain:google.co.kr
domain:google.co.ls
domain:google.co.ma
domain:google.co.mz
domain:google.co.nz
domain:google.co.th
domain:blogspot.com.by
domain:blogspot.co.at
domain:blogspot.co.id
domain:blogspot.co.il
domain:blogspot.co.ke
domain:blogspot.co.nz
domain:blogspot.co.uk
domain:blogspot.co.za
domain:blogspot.com.mt
domain:blogspot.com.br
domain:intel.com.mx
domain:blogspot.com.co
domain:blogspot.com.au
domain:blogspot.com.ee
domain:blogspot.com.eg
domain:blogspot.com.cy
domain:blogspot.com.ar
domain:blogspot.com.uy
domain:blogspot.com.es
domain:blogspot.com.tr
domain:google.co.tz
domain:google.co.ug
domain:google.co.uk
domain:google.co.uz
domain:google.co.ve
domain:google.co.vi
domain:google.co.za
domain:google.co.zm
domain:google.co.zw
domain:google.com.af
domain:google.com.ag
domain:google.com.ai
domain:google.com.ar
domain:google.com.au
domain:google.com.bd
domain:google.com.bh
domain:google.com.bn
domain:google.com.bo
domain:google.com.br
domain:google.com.bz
domain:google.com.co
domain:google.com.cu
domain:google.com.cy
domain:google.com.do
domain:google.com.ec
domain:google.com.eg
domain:google.com.et
domain:google.com.fj
domain:google.com.gh
domain:google.com.gi
domain:google.com.gt
domain:google.com.hk
domain:google.com.jm
domain:google.com.kh
domain:google.com.kw
domain:google.com.lb
domain:google.com.ly
domain:google.com.mm
domain:google.com.mt
domain:google.com.mx
domain:google.com.my
domain:google.com.na
domain:google.com.ng
domain:google.com.ni
domain:google.com.np
domain:google.com.om
domain:google.com.pa
domain:google.com.pe
domain:google.com.pg
domain:google.com.ph
domain:google.com.pk
domain:google.com.pr
domain:google.com.py
domain:google.com.qa
domain:google.com.sa
domain:google.com.sb
domain:google.com.sg
domain:google.com.sl
domain:google.com.sv
domain:google.com.tj
domain:google.com.tr
domain:youtube.com.kw
domain:youtube.com.ph
domain:google.com.uy
domain:google.com.vc
domain:google.com.vn
domain:googlecompare.co.uk
domain:howtogetmo.co.uk
domain:youtube.com.by
domain:youtube.com.pe
domain:thinkquarterly.co.uk
domain:womenwill.com.br
domain:youtube.co.zw
domain:youtube.com.ve
domain:intel.com.br
domain:youtube.com.ua
domain:youtube.com.tw
domain:youtube.com.tr
domain:youtube.com.tn
domain:youtube.com.sv
domain:youtube.com.sg
domain:youtube.com.sa
domain:youtube.com.ro
domain:youtube.com.qa
domain:youtube.com.py
domain:youtube.com.pt
domain:youtube.co.ae
domain:youtube.co.at
domain:youtube.co.cr
domain:youtube.co.hu
domain:youtubego.com.br
domain:youtube.co.id
domain:youtubego.co.in
domain:youtubego.co.id
domain:youtube.co.il
domain:youtube.co.in
domain:youtube.co.jp
domain:youtube.co.ke
domain:youtube.co.kr
domain:youtube.co.ma
domain:youtube.co.nz
domain:youtube.co.th
domain:youtube.co.tz
domain:youtube.co.ug
domain:youtube.co.uk
domain:youtube.co.ve
domain:youtube.co.za
domain:youtube.com.ar
domain:youtube.com.au
domain:youtube.com.az
domain:youtube.com.bd
domain:youtube.com.bh
domain:youtube.com.bo
domain:youtube.com.br
domain:youtube.com.pk
domain:youtube.com.co
domain:youtube.com.do
domain:youtube.com.ec
domain:youtube.com.ee
domain:youtube.com.eg
domain:youtube.com.es
domain:youtube.com.lb
domain:youtube.com.gr
domain:youtube.com.gt
domain:youtube.com.hk
domain:youtube.com.hn
domain:youtube.com.hr
domain:youtube.com.jm
domain:youtube.com.jo
domain:google.com.tw
domain:youtube.com.gh
domain:youtube.com.lv
domain:youtube.com.ly
domain:youtube.com.mk
domain:youtube.com.mt
domain:youtube.com.mx
domain:youtube.com.my
domain:youtube.com.ng
domain:youtube.com.ni
domain:youtube.com.om
domain:youtube.com.pa
domain:google.com.ua
domain:yandex.co.il
domain:yandex.com.am
domain:yandex.com.ge
domain:yandex.com.ru
domain:yandex.com.tr
domain:yandex.com.ua
domain:yango.co.il
domain:marketo.co.uk
domain:mageconf.com.ua
domain:motorola.co.id
domain:motorola.co.th
domain:motorola.co.uk
domain:motorola.com.au
domain:motorola.com.co
domain:motorola.com.pe
domain:motorola.com.pr
domain:motorola.co.jp
domain:lge.co.kr
domain:drweb.co.jp
domain:intuit.co.uk
domain:quickbook.com.br
domain:quickbooks.co.uk
domain:quickbooksgetconnected.co.za
domain:quickbooks.co.za
domain:gtlsca.nat.gov.tw
domain:courier-push-apple.com.akadns.net
domain:itunes-apple.com.akadns.net
domain:affinity.api.serifservices.com
domain:naver.com.akadns.net
domain:naverads.com.akadns.net
regex:.+\.awsdns-[0-9][0-9]\.(co\.uk|com|net|org)$
regex:^ewcdn[0-9]+\.nowe\.com$
domain:fussengroup.com
domain:snapads.com
domain:aoruszone.cn
domain:gigabyte.cn
full:sentry.hetzner.company
domain:quickconnect.cn
domain:synology.cn
domain:razerapi.com
domain:razersynapse.com
domain:razerzone.com
domain:adobedc.cn
domain:advertising.adobe.com
domain:demdex.net
domain:tubemogul.com
domain:hpstore.cn
domain:samsung.com.cn
domain:samsungadhub.com
domain:samsungads.com
domain:samsungcloudcn.com
domain:samsungeshop.com.cn
domain:samsunghealthcn.com
domain:amplifi.com.cn
domain:frontrow.com.cn
domain:ubnt.com
domain:ubnt.com.cn
domain:ui.com.cn
domain:uum.com.cn
domain:uwn.com
domain:graph.whatsapp.com
domain:graph.whatsapp.net
domain:analytics.facebook.com
domain:facebookads.com
domain:pixel.facebook.com
domain:graph.instagram.com
domain:graph-fallback.instagram.com
domain:duolingo.cn
domain:ads-api.duolingo.com
domain:analytics.vpc.duolingo.com
domain:metrics.duolingo.com
domain:acer.com.cn
domain:yahoo.cn
domain:yahoo.com.cn
domain:ads.yahoo.com
domain:gemini.yahoo.com
domain:ysm.yahoo.com
domain:adfox.ru
domain:adfox.yandex.ru
domain:admetrica.ru
domain:ads.yandex
domain:ads.yandex.ru
domain:adv.yandex.com
domain:adv.yandex.ru
domain:an.yandex.ru
domain:appmetrica.yandex.com
domain:appmetrica.yandex.net
domain:appmetrica.yandex.ru
domain:appmetrica.yango.com
domain:bs.yandex.ru
domain:clck.yandex.ru
domain:counter.yandex.ru
domain:mc.yandex.ru
domain:metrika.yandex.com
domain:metrika.yandex.net
domain:metrika.yandex.ru
domain:webvisor.com
domain:webvisor.org
domain:yabs.yandex.ru
domain:yads.tech
domain:yandex-metrica.ru
domain:yandexmetrica.com
domain:yango-ads.com
full:adfstat.yandex.ru
full:ads.yandex.com
full:ads.yango.com
full:adsdk.yandex.ru
full:amc.yandex.ru
full:analytics.mobile.yandex.net
full:clck.yandex.com
full:clck.yandex.net
full:clck.yango.com
full:informer.yandex.ru
full:log.strm.yandex.ru
full:mc.yandex.com
full:mc.yandex.net
full:mc.yango.com
full:pixel.yandex.com
full:report.ap.yandex-net.ru
domain:google.cn
domain:g.cn
domain:gkecnapps.cn
domain:googlecnapps.cn
domain:gstatic.cn
domain:gstaticcnapps.cn
domain:2mdn-cn.net
domain:2mdn.net
domain:admob-cn.com
domain:admob.com
domain:adsense.com
domain:adsensecustomsearchads.com
domain:adsenseformobileapps.com
domain:adservice.google.com
domain:adtrafficquality.google
domain:advertisercommunity.com
domain:advertiserscommunity.com
domain:adwords-community.com
domain:adwords.com
domain:adwordsexpress.com
domain:analytics-alv.google.com
domain:app-ads-services.com
domain:app-analytics-services.com
domain:app-analytics-services-att.com
domain:app-measurement-cn.com
domain:app-measurement.com
domain:doubleclick-cn.net
domain:doubleclick.cn
domain:doubleclick.com
domain:doubleclick.net
domain:fcmatch.google.com
domain:google-analytics-cn.com
domain:google-analytics.com
domain:googleadapis.com
domain:googleadapis.l.google.com
domain:googleads-cn.com
domain:googleads.com
domain:googleadservices-cn.com
domain:googleadservices.com
domain:googleadsserving.cn
domain:googleanalytics.com
domain:googleoptimize-cn.com
domain:googleoptimize.com
domain:googlesyndication-cn.com
domain:googlesyndication.com
domain:googletagmanager-cn.com
domain:googletagmanager.com
domain:googletagservices-cn.com
domain:googletagservices.com
domain:googletraveladservices-cn.com
domain:googletraveladservices.com
domain:googlevads-cn.com
domain:mail-ads.google.com
domain:mobileads.google.com
domain:marketingplatform.google.com
domain:pagead.l.google.com
domain:partnerad.l.google.com
domain:urchin.com
full:analytics.google.com
domain:265.com
domain:gvt1-cn.com
domain:gvt2-cn.com
full:recaptcha-cn.net
full:recaptcha.net
full:www.recaptcha-cn.net
full:www.recaptcha.net
full:2mdn-cn.net
full:2mdn.net
full:admob-cn.com
full:adservice.google.com
full:app-analytics-services.com
full:app-measurement-cn.com
full:app-measurement.com
full:apps5.oingo.com
full:avail.googleflights.net
full:beacons.gcp.gvt2.com
full:beacons.gvt2.com
full:beacons2.gvt2.com
full:beacons3.gvt2.com
full:c.admob.com
full:c.android.clients.google.com
full:cache-management-prod.google.com
full:cache.pack.google.com
full:checkin.gstatic.com
full:clickserve.cc-dt.com
full:clickserve.dartsearch.net
full:clickserver.googleads.com
full:clientservices.googleapis.com
full:cn.widevine.com
full:connectivitycheck.gstatic.com
full:csi.gstatic.com
full:dartsearch-cn.net
full:dg-meta.video.google.com
full:dl.google.com
full:dl.l.google.com
full:doubleclick-cn.net
full:doubleclick.net
full:download.mlcc.google.com
full:download.tensorflow.google.com
full:fontfiles.googleapis.com
full:fonts.googleapis.com
full:fonts.gstatic.com
full:g0.gstatic.com
full:g1.gstatic.com
full:g2.gstatic.com
full:g3.gstatic.com
full:gonglchuangl.net
full:gongyichuangyi.net
full:google-analytics-cn.com
full:google-analytics.com
full:googleadservices-cn.com
full:googleadservices.com
full:googleanalytics.com
full:googleapis-cn.com
full:googleapps-cn.com
full:googleflights-cn.net
full:googleoptimize-cn.com
full:googleoptimize.com
full:googlesyndication-cn.com
full:googlesyndication.com
full:googletagmanager-cn.com
full:googletagmanager.com
full:googletagservices-cn.com
full:googletagservices.com
full:googletraveladservices-cn.com
full:googletraveladservices.com
full:googlevads-cn.com
full:gstatic-cn.com
full:gstaticadssl.l.google.com
full:gtm.oasisfeng.com
full:imasdk.googleapis.com
full:pagead-googlehosted.l.google.com
full:performanceparameters.googleapis.com
full:prod-controlbe.floonet.goog
full:prod-databe.floonet.goog
full:prod.databe.floonet.goog
full:qiao-cn.com
full:qpx.googleflights.net
full:redirector.bdn.dev
full:redirector.c.chat.google.com
full:redirector.c.mail.google.com
full:redirector.c.pack.google.com
full:redirector.c.youtubeeducation.com
full:redirector.gcpcdn.gvt1.com
full:redirector.gvt1.com
full:redirector.offline-maps.gvt1.com
full:redirector.snap.gvt1.com
full:redirector.xn--ngstr-lra8j.com
full:safebrowsing-cache.google.com
full:safebrowsing.googleapis.com
full:service.urchin.com
full:ssl-google-analytics.l.google.com
full:ssl.gstatic.com
full:staging-controlbe.floonet.goog
full:staging-databe.floonet.goog
full:staging.databe.floonet.goog
full:tac.googleapis.com
full:tools.google.com
full:update.googleapis.com
full:wear.googleapis.com
full:www-google-analytics.l.google.com
full:www-googletagmanager.l.google.com
full:www.destinationurl.com
full:www.gstatic.com
full:www.pxcc.com
domain:ggpht.cn
domain:ads.youtube.com
full:pki-goog.l.google.com
full:c.pki.goog
full:i.pki.goog
full:o.pki.goog
full:crl.pki.goog
full:crls.pki.goog
full:ocsp.pki.goog
full:alt1-mtalk.google.com
full:alt2-mtalk.google.com
full:alt3-mtalk.google.com
full:alt4-mtalk.google.com
full:alt5-mtalk.google.com
full:alt6-mtalk.google.com
full:mtalk.google.com
full:crashlyticsreports-pa.googleapis.com
full:firebase-settings.crashlytics.com
full:update.crashlytics.com
regex:^r+[0-9]+(---|\.)sn-(2x3|ni5|j5o)\w{5}\.xn--ngstr-lra8j\.com$
regex:^r+[0-9]+(---|\.)sn-(2x3|ni5|j5o)\w{5}\.googlevideo\.com$
full:redirector.c.play.google.com
domain:dynamics.cn
domain:engkoo.com
domain:lync.cn
domain:microsoft-smb.cn
domain:microsoftonline-i.cn
domain:microsoftonline-m-i.cn
domain:microsoftonline-m.cn
domain:microsoftonline-p-i.cn
domain:microsoftonline-p-i.net.cn
domain:microsoftonline-p.cn
domain:microsoftonline-p.net.cn
domain:microsoftonline.cn
domain:microsoftstore.com.cn
domain:microsofttranslator-int.cn
domain:msauth.cn
domain:msauthimages.cn
domain:msftauth.cn
domain:msftauthimages.cn
domain:mspil.cn
domain:msra.cn
domain:o365cn.com
domain:o365files.cn
domain:office365-net.cn
domain:office365.cn
domain:officeplus.cn
domain:officewebapps.cn
domain:onmschina.cn
domain:outlook.cn
domain:pbiwebcontent.cn
domain:powerapps.cn
domain:powerappsportals.cn
domain:powerautomate.cn
domain:powerbi.cn
domain:sharepoint.cn
domain:clarity.ms
domain:microsoftads.com
domain:msads.net
domain:nelreports.net
domain:dcg.microsoft.com
domain:dl.delivery.mp.microsoft.com
domain:download.windowsupdate.com
full:azuremigrate.download.prss.microsoft.com
full:azuremigratetest.download.prss.microsoft.com
full:azurestackhub.download.prss.microsoft.com
full:azurestackhubuat.download.prss.microsoft.com
full:b.c2r.ts.cdn.office.net
full:cbdstest.download.prss.microsoft.com
full:cn.windowssearch.com
full:collaborate.download.prss.microsoft.com
full:collaborateppe.download.prss.microsoft.com
full:ctldl.windowsupdate.com
full:developer.microsoft.com
full:download.microsoft.com
full:dreamspark.download.prss.microsoft.com
full:dreamsparkuat.download.prss.microsoft.com
full:f.c2r.ts.cdn.office.net
full:itacademy.download.prss.microsoft.com
full:itacademyuat.download.prss.microsoft.com
full:lex.download.prss.microsoft.com
full:lexuat.download.prss.microsoft.com
full:mbs.download.prss.microsoft.com
full:mpnbenefits.download.prss.microsoft.com
full:mpnbenefitsrtl.download.prss.microsoft.com
full:mpnbenefitsrtluat.download.prss.microsoft.com
full:msdn.download.prss.microsoft.com
full:msdprod-ad.download.prss.microsoft.com
full:msproduct.download.prss.microsoft.com
full:myvs.download.prss.microsoft.com
full:oemsoc.download.prss.microsoft.com
full:oemsocuat.download.prss.microsoft.com
full:officecdn.microsoft.com
full:officemkt.download.prss.microsoft.com
full:officemktuat.download.prss.microsoft.com
full:osrelease.download.prss.microsoft.com
full:rsm.download.prss.microsoft.com
full:sdx.microsoft.com
full:shell.cdn.office.net
full:software.download.prss.microsoft.com
full:statics.teams.cdn.office.net
full:storecorefulfillment.download.prss.microsoft.com
full:storeedge.microsoft.com
full:storeedgefd.dsx.mp.microsoft.com
full:surface.download.prss.microsoft.com
full:surface.downloads.prss.microsoft.com
full:vlportal.download.prss.microsoft.com
full:volic.download.prss.microsoft.com
full:vscode.download.prss.microsoft.com
full:vz.download.prss.microsoft.com
full:windbg.download.prss.microsoft.com
domain:bing.com.cn
domain:bingads.com
domain:cn.bing.com
domain:cn.bing.net
domain:cn.mm.bing.net
domain:ditu.live.com
domain:r.bing.com
domain:th.bing.com
full:bj1.api.bing.com
full:emoi-cncdn.bing.com
domain:collector.github.com
full:copilot-telemetry-service.githubusercontent.com
full:copilot-telemetry.githubusercontent.com
domain:microsoftreactor.cn
domain:microsoftreactor.com.cn
domain:reactorms.com.cn
full:download.visualstudio.microsoft.com
domain:microsoftnews.cn
domain:msn.cn
domain:browser.events.data.msn.cn
domain:browser.events.data.msn.com
domain:xboxlive.cn
domain:21vbc.com
domain:21vbluecloud.com
domain:21vbluecloud.net
domain:aadrm.cn
domain:aggresmart.com
domain:apihub-internal.cn
domain:appserviceenvironment.cn
domain:azcrmc-test.cn
domain:azcrmc.cn
domain:azk8s.cn
domain:aznbcontent.cn
domain:aztask.cn
domain:azure-api.cn
domain:azure-apihub.cn
domain:azure-automation.cn
domain:azure-connectedvehicles-stage.cn
domain:azure-connectedvehicles.cn
domain:azure-devices-provisioning.cn
domain:azure-devices.cn
domain:azure-mobile.cn
domain:azure.cn
domain:azurecr-test.cn
domain:azurecr.cn
domain:azurehdinsight.cn
domain:azureiotsuite.cn
domain:azuremresolver.cn
domain:azureprivatedns.cn
domain:azurerms.cn
domain:azuresandbox.cn
domain:b2clogin.cn
domain:b3itech.cn
domain:blueaggrestore.com
domain:bluecloudprod.com
domain:cegid-cloud.cn
domain:chinacloud-mobile.cn
domain:chinacloudapi.cn
domain:chinacloudapp.cn
domain:chinacloudsites.cn
domain:hdinsightservices.cn
domain:management-azure-devices-provisioning.cn
domain:management-azure-devices.cn
domain:mcchcdn.com
domain:mgmt-azure-api.cn
domain:microsoftazurestatus.cn
domain:microsoftmetrics.cn
domain:mncmsidlab1.cn
domain:msappproxy.cn
domain:mschcdn.com
domain:msftcloudes.cn
domain:msidentity.cn
domain:msidlabpbmc.cn
domain:sovcloud-mx.cn
domain:sovcloud-static.cn
domain:sovcloud-usercontent.cn
domain:sovcloud.cn
domain:trafficmanager.cn
domain:trustcenter.cn
domain:windowsazure.cn
domain:windowsazurestatus.cn
domain:azchcdna.com
domain:azchcdnb.com
domain:azchcdnc.com
domain:azchcdnd.com
domain:azchcdne.com
domain:azchcdnf.com
domain:azchcdng.com
domain:azchcdnh.com
domain:azchcdni.com
domain:azchcdnj.com
domain:azchcdnk.com
domain:azchcdnl.com
domain:azchcdnm.com
domain:azchcdnn.com
domain:azchcdno.com
domain:azchcdnp.com
domain:azchcdnq.com
domain:azchcdnr.com
domain:azchcdns.com
domain:azure-dns.cn
domain:azure-dns-1.cn
domain:azure-dns-2.cn
domain:azure-dns-3.cn
domain:azure-dns-4.cn
domain:azure-dns-5.cn
domain:azure-dns-6.cn
domain:azure-dns-7.cn
domain:azure-dns-8.cn
domain:azure-dns-9.cn
domain:azure-dns-10.cn
domain:mycloudnas.com
domain:myqnapcloud.cn
domain:qlinkto.cn
domain:qnap.com.cn
full:api-eu.carrotquest.app
full:api-eu.carrotquest.io
full:api-ru.carrotquest.app
full:api-ru.carrotquest.io
full:api-secure.carrotquest.app
full:api-secure.carrottrack.app
full:api.carrotquest.app
full:api.carrotquest.io
full:api.carrottrack.app
full:api.dashly.app
full:api.dashlytrack.app
domain:sandisk.cn
domain:dell-brand.com
domain:dell.com.cn
domain:dell-alw.com
domain:dellemc.com.cn
domain:dellmobile.cn
domain:delltechnologies.com.cn
domain:platform.dell.com
full:afcs.dell.com
full:clientperipherals.dell.com
full:customization-cdn.dell.com
full:dds.dell.com
full:dl.dell.com
full:ea2cn-dev-outlet.dell.com
full:ea2cn-prod-outlet.dell.com
full:ea2cn-staging-outlet.dell.com
full:fcs.dell.com
full:fta.dell.com
full:ftaapj.dell.com
full:ftaemea.dell.com
full:ftasitapj.dell.com
full:gbxgateway-dev.dell.com
full:gbxgateway.dell.com
full:i.dell.com
full:nexus.dell.com
full:p.cdn.persaas.dell.com
full:scene7-cdn.dell.com
full:si.cdn.dell.com
full:sm.dell.com
full:snp.cdn.dell.com
full:snpi.dell.com
full:supportassist.dell.com
full:www-csb.dell.com
full:www.dell.com
domain:ad.mail.ru
domain:ads.viqeo.tv
domain:adsadvisor.io
domain:alt-ad.mail.ru
domain:apptracer.ru
domain:cxhub.ru
domain:metrics.viqeo.tv
domain:myadx.net
domain:r.mail.ru
domain:radar.imgsmail.ru
domain:relap.mail.ru
domain:target.my.com
domain:top-fwz1.mail.ru
domain:trace-flow.ru
domain:tracker-api.my.com
domain:tracker.my.com
full:1l-hit.mail.ru
full:1l-hit.vkplay.ru
full:ad4.mail.ru
full:ads-integration.rustore.ru
full:ads.dahlmessenger.com
full:ads.icq.com
full:ads.rustore.ru
full:adsapp.dahlmessenger.com
full:adsapp.telega.info
full:adsapp.stage.telega.info
full:adv.rustore.ru
full:alt-r.my.com
full:an.mail.ru
full:b2.mail.ru
full:bs.mail.ru
full:click.rustore.ru
full:pixel.rustore.ru
full:r0.mail.ru
full:r0.mradx.net
full:r1.mail.ru
full:reklama.mail.ru
full:rs.mail.ru
full:sentry-ng.g.smailru.net
full:srch-telemeter10.g.smailru.net
full:sentry.dev-my.com
full:sentry.dev-my.games
full:sentry.rustore.ru
full:sentry.viqeo.tv
full:stacks.vk-portal.net
full:stats.dahlmessenger.com
full:stats.dev.telega.info
full:stats.rustore.ru
full:stats.telega.info
full:t.mail.ru
full:top-staging.mail.ru
full:whiteline.mail.ru
full:xray.mail.ru
domain:log.dzen.ru
domain:ms.dzen.ru
domain:adv.vk.com
domain:analytics.vk.com
domain:ms.vk.com
domain:ms.vk.ru
domain:target.vk.ru
domain:vk-analytics.ru
full:adblogger.vk.com
full:adblogger.vk.ru
full:ads.vk.com
full:ads.vk.ru
full:adv.vk.ru
full:advk.vk.ru
full:analytics.vk.ru
full:stats.vk-portal.net
full:target.vk.com
domain:canon.cn
domain:canon.com.cn
domain:intel.cn
domain:apple.cn
domain:apple.com.cn
domain:apple-appstore.cn
domain:appleappstore.cn
domain:appstoreapple.cn
domain:applepaycash.cn
domain:applepaycash.com.cn
domain:applepaysupplies.cn
domain:applepaysupplies.com.cn
domain:apple-store.cn
domain:applestore.cn
domain:applestore.com.cn
domain:appletv4.cn
domain:appletv4.com.cn
domain:ipod.com.cn
domain:iphone-8.com.cn
domain:macbookair.cn
domain:macbookair.com.cn
domain:apple-dns.cn
domain:apple-dns.com.cn
domain:apple-ibooks.cn
domain:apple-maps.cn
domain:applecenter.cn
domain:applecenter.com.cn
domain:applecomputer.cn
domain:applecomputer.com.cn
domain:appledns.cn
domain:appledns.com.cn
domain:applesiri.cn
domain:ecgapp.com.cn
domain:faceshift.cn
domain:homepod.cn
domain:insidear.cn
domain:livephotos.cn
domain:livephotos.com.cn
domain:xn--czrs0t4phtr3a.cn
domain:xn--fiqs8sxootzz.cn
domain:xn--ohq11k7pl25iyo8a.cn
full:amp-api-edge.apps.apple.com
full:amp-api-search-edge.apps.apple.com
full:amp-api.apps.apple.com
full:api-edge.apps.apple.com
full:communities.apple.com
full:discussionschinese.apple.com
full:fides-pol.apple.com
full:gspe11-2-cn-ssl.ls.apple.com
full:gspe12-cn-ssl.ls.apple.com
full:gspe85-cn-ssl.ls.apple.com
full:init.gc-lb.apple.com.akadns.net
full:init.gc.apple.com
full:km.support.apple.com
full:maps.apple.com
full:tj-pod1-smp-device.apple.com
full:tj-pod2-smp-device.apple.com
full:tj-pod3-smp-device.apple.com
full:www.support.apple.com
full:a1.mzstatic.com
full:a2.mzstatic.com
full:a3.mzstatic.com
full:a4.mzstatic.com
full:a5.mzstatic.com
full:cl1-cdn.origin-apple.com.akadns.net
full:cl2-cdn.origin-apple.com.akadns.net
full:cl3-cdn.origin-apple.com.akadns.net
full:cl4-cdn.origin-apple.com.akadns.net
full:cl5-cdn.origin-apple.com.akadns.net
full:cl1.apple.com
full:cl2.apple.com
full:cl3.apple.com
full:cl4.apple.com
full:cl5.apple.com
full:is1.mzstatic.com
full:is1-ssl.mzstatic.com
full:is2.mzstatic.com
full:is2-ssl.mzstatic.com
full:is3.mzstatic.com
full:is3-ssl.mzstatic.com
full:is4.mzstatic.com
full:is4-ssl.mzstatic.com
full:is5.mzstatic.com
full:is5-ssl.mzstatic.com
full:s.mzstatic.com
full:s1.mzstatic.com
full:s2.mzstatic.com
full:s3.mzstatic.com
full:s4.mzstatic.com
full:s5.mzstatic.com
full:adcdownload.apple.com
full:adcdownload.apple.com.akadns.net
full:amp-api-updates.apps.apple.com
full:amp-api.media.apple.com
full:app-site-association.cdn-apple.com
full:appldnld.apple.com
full:appldnld.g.aaplimg.com
full:appleid.cdn-apple.com
full:apps.mzstatic.com
full:cds-cdn.v.aaplimg.com
full:cds.apple.com
full:cds.apple.com.akadns.net
full:cdsassets.apple.com
full:cl2-cn.apple.com
full:cl2.apple.com.edgekey.net.globalredir.akadns.net
full:cl4-cn.apple.com
full:clientflow.apple.com
full:clientflow.apple.com.akadns.net
full:cn-smp-paymentservices.apple.com
full:configuration.apple.com
full:configuration.apple.com.akadns.net
full:cstat.apple.com
full:cstat.cdn-apple.com
full:dd-cdn.origin-apple.com.akadns.net
full:dejavu.apple.com
full:devimages-cdn.apple.com
full:devstreaming-cdn.apple.com
full:download.developer.apple.com
full:experiments.apple.com
full:gs-loc-cn.apple.com
full:gs-loc.apple.com
full:gsp10-ssl-cn.ls.apple.com
full:gsp11-cn.ls.apple.com
full:gsp12-cn.ls.apple.com
full:gsp13-cn.ls.apple.com
full:gsp4-cn.ls.apple.com
full:gsp4-cn.ls.apple.com.edgekey.net.globalredir.akadns.net
full:gsp5-cn.ls.apple.com
full:gsp85-cn-ssl.ls.apple.com
full:gspe19-2-cn-ssl.ls-apple.com.akadns.net
full:gspe19-2-cn-ssl.ls.apple.com
full:gspe19-cn-ssl.ls.apple.com
full:gspe19-cn.ls-apple.com.akadns.net
full:gspe19-cn.ls.apple.com
full:gspe21-ssl.ls.apple.com
full:gspe35-ssl.ls.apple.com
full:gspe79-cn-ssl.ls.apple.com
full:guzzoni-apple-com.v.aaplimg.com
full:guzzoni.apple.com
full:guzzoni.smoot.apple.com
full:images.apple.com.edgekey.net.globalredir.akadns.net
full:init-kt.apple.com
full:init-p01md-lb.push-apple.com.akadns.net
full:init-p01md.apple.com
full:init-p01st-lb.push-apple.com.akadns.net
full:init-p01st.push.apple.com
full:init-s01st-lb.push-apple.com.akadns.net
full:init-s01st.push.apple.com
full:init.ess.apple.com
full:ipcdn.apple.com
full:iphone-ld.apple.com
full:iphone-ld.origin-apple.com.akadns.net
full:mensura.cdn-apple.com
full:mesu-cdn.apple.com.akadns.net
full:mesu-china.apple.com.akadns.net
full:mesu.apple.com
full:ml.cdn-apple.com
full:oscdn.apple.com
full:oscdn.origin-apple.com.akadns.net
full:pancake.apple.com
full:pba0.apple.com
full:probe.siri.apple.com
full:prod-support.apple-support.akadns.net
full:publicassets.cdn-apple.com
full:seed-sequoia.siri.apple.com
full:seed-swallow.siri.apple.com
full:seed.siri.apple.com
full:sequoia.apple.com
full:sh-pod2-smp-device.apple.com
full:shazam-insights.cdn-apple.com
full:smp-device-content.apple.com
full:static.gc.apple.com
full:stocks-sparkline-lb.apple.com.akadns.net
full:stocks-sparkline.apple.com
full:store.apple.com
full:store.apple.com.edgekey.net
full:store.apple.com.edgekey.net.globalredir.akadns.net
full:store.storeimages.apple.com.akadns.net
full:store.storeimages.cdn-apple.com
full:support-china.apple-support.akadns.net
full:support.apple.com
full:swallow-apple-com.v.aaplimg.com
full:swallow.apple.com
full:swcatalog-cdn.apple.com.akadns.net
full:swcatalog.apple.com
full:swcdn.apple.com
full:swcdn.g.aaplimg.com
full:swdist.apple.com
full:swdist.apple.com.akadns.net
full:swscan-cdn.apple.com.akadns.net
full:swscan.apple.com
full:sylvan.apple.com
full:updates-http.cdn-apple.com
full:updates-http.cdn-apple.com.akadns.net
full:updates.cdn-apple.com
full:weather-data.apple.com
full:weather-data.apple.com.akadns.net
full:weather-map.apple.com
full:weather-map2.apple.com
full:weatherkit.apple.com
full:www.apple.com
full:www.apple.com.edgekey.net.globalredir.akadns.net
full:xp.apple.com
domain:advertising.apple.com
domain:api-adservices.apple.com
domain:iadsdk.apple.com
domain:iad.apple.com
domain:qwapi.com
full:amp-api.podcasts.apple.com
full:podcasts.apple.com
domain:apple-itunes.cn
domain:itunes-apple.cn
domain:itunesapple.cn
domain:itunesradio.cn
domain:itunesradio.com.cn
full:amp-api-edge-lb-cn.itunes-apple.com.akadns.net
full:amp-api-edge-lb.itunes-apple.com.akadns.net
full:aod-ssl.itunes.apple.com
full:aod.itunes.apple.com
full:apptrailers.itunes.apple.com
full:bag.itunes.apple.com
full:bookkeeper.itunes.apple.com
full:client-api.itunes.apple.com
full:cma.itunes.apple.com
full:downloaddispatch.itunes.apple.com
full:entitlements-edge.itunes.apple.com
full:fpinit.itunes.apple.com
full:inappcheck-cn.itunes-apple.com.akadns.net
full:inappcheck-lb.itunes-apple.com.akadns.net
full:inappcheck.itunes.apple.com
full:init.itunes.apple.com
full:iosapps.itunes.apple.com
full:misc-assets.itunes.apple.com
full:mvod.itunes.apple.com
full:myapp.itunes.apple.com
full:np-edge.itunes.apple.com
full:osxapps.itunes.apple.com
full:pd-nk.itunes.apple.com
full:pd.itunes.apple.com
full:play-edge.itunes.apple.com
full:play.itunes.apple.com
full:podcasts.itunes.apple.com
full:se-edge.itunes.apple.com
full:se2.itunes.apple.com
full:search.itunes.apple.com
full:sf-api-token-service.itunes.apple.com
full:sp.itunes.apple.com
full:streamingaudio.itunes.apple.com
full:su.itunes.apple.com
full:sync.itunes.apple.com
full:tf-feedback.itunes.apple.com
full:universal-activity-service.itunes.apple.com
full:upp.itunes.apple.com
full:bag-cdn.itunes-apple.com.akadns.net
full:iosapps.itunes.g.aaplimg.com
full:is-ssl.mzstatic.com-cn-lb.itunes-apple.com.akadns.net
full:itunes-apple.com.akadns.net
full:itunes.apple.com
full:itunesconnect.apple.com
full:osxapps.itunes.g.aaplimg.com
domain:beats1.cn
domain:beats1.com.cn
domain:beats2.com.cn
domain:beats4.cn
domain:beatsbydre.com
domain:beatsbydre.com.cn
domain:beatsep.cn
domain:apple-icloud.cn
domain:appleicloud.cn
domain:icloud-apple.cn
domain:icloud-content.com.cn
domain:icloud.cn
domain:icloud.com.cn
domain:icloud.net.cn
domain:icloudapple.cn
full:cdn.apple-mapkit.com
full:cdn1.apple-mapkit.com
full:cdn2.apple-mapkit.com
full:cdn3.apple-mapkit.com
full:cdn4.apple-mapkit.com
full:cdn-cn.apple-mapkit.com
full:cdn-cn1.apple-mapkit.com
full:cdn-cn2.apple-mapkit.com
full:cdn-cn3.apple-mapkit.com
full:cdn-cn4.apple-mapkit.com
domain:researchkit.cn
domain:researchkit.com.cn
domain:swiftui.cn
domain:swiftui.com.cn
full:amp-api-edge.music.apple.com
full:amp-api.music.apple.com
full:js-cdn.music.apple.com
full:music.apple.com
full:musicstatus.music.apple.com
full:play.music.apple.com
full:speedysub.music.apple.com
full:certs-lb.apple.com.akadns.net
full:certs.apple.com
full:crl-lb.apple.com.akadns.net
full:crl.apple.com
full:ocsp.apple.com
full:ocsp2.apple.com
full:valid.apple.com
full:valid.origin-apple.com.akadns.net
domain:kaspersky.com.cn
full:activation-v2.kaspersky.com
full:activation-v2.geo.kaspersky.com
full:activate.activation-v2.kaspersky.com
full:refresh-bkg.activation-v2.kaspersky.com
full:crl.kaspersky.com
full:dc1.ksn.kaspersky-labs.com
full:dc1-cert.ksn.kaspersky-labs.com
full:dc1-file.ksn.kaspersky-labs.com
full:dc1-pp.ksn.kaspersky-labs.com
full:dc1-st.ksn.kaspersky-labs.com
full:dnl-00.geo.kaspersky.com
full:dnl-01.geo.kaspersky.com
full:dnl-02.geo.kaspersky.com
full:dnl-03.geo.kaspersky.com
full:dnl-04.geo.kaspersky.com
full:dnl-05.geo.kaspersky.com
full:dnl-06.geo.kaspersky.com
full:dnl-07.geo.kaspersky.com
full:dnl-08.geo.kaspersky.com
full:dnl-09.geo.kaspersky.com
full:dnl-10.geo.kaspersky.com
full:dnl-11.geo.kaspersky.com
full:dnl-12.geo.kaspersky.com
full:dnl-13.geo.kaspersky.com
full:dnl-14.geo.kaspersky.com
full:dnl-15.geo.kaspersky.com
full:dnl-16.geo.kaspersky.com
full:dnl-17.geo.kaspersky.com
full:dnl-18.geo.kaspersky.com
full:dnl-19.geo.kaspersky.com
full:edge.geo.kaspersky.com
full:ksn-cinfo.geoksn.kaspersky.com
full:ksn-cinfo-geo.kaspersky-labs.com
full:ksn-crypto-info-geo.kaspersky-labs.com
full:ksn-crypto-kas-geo.kaspersky-labs.com
full:ksn-crypto-tcert-geo.kaspersky-labs.com
full:ksn-crypto-url-geo.kaspersky-labs.com
full:ksn-crypto-verdict-geo.kaspersky-labs.com
full:ksn-crypto-wifiplus.geoksn.kaspersky.com
full:ksn-crypto-wifiplus-geo.kaspersky-labs.com
full:ksn-dc1.geoksn.kaspersky.com
full:ksn-dc1-cert.geoksn.kaspersky.com
full:ksn-dc1-file.geoksn.kaspersky.com
full:ksn-file.geoksn.kaspersky.com
full:ksn-file-geo.kaspersky-labs.com
full:ksn-info.geoksn.kaspersky.com
full:ksn-info-geo.kaspersky-labs.com
full:ksn-kas.geoksn.kaspersky.com
full:ksn-mdr.geoksn.kaspersky.com
full:ksn-tcert.geoksn.kaspersky.com
full:ksn-tcert-geo.kaspersky-labs.com
full:ksn-url.geoksn.kaspersky.com
full:ksn-url-geo.kaspersky-labs.com
full:ksn-verdict.geoksn.kaspersky.com
full:ksn-verdict-geo.kaspersky-labs.com
full:mdr.ksn.kaspersky-labs.com
full:p00.upd.kaspersky.com
full:p01.upd.kaspersky.com
full:p02.upd.kaspersky.com
full:p03.upd.kaspersky.com
full:p04.upd.kaspersky.com
full:p05.upd.kaspersky.com
full:p06.upd.kaspersky.com
full:p07.upd.kaspersky.com
full:p08.upd.kaspersky.com
full:p09.upd.kaspersky.com
full:p10.upd.kaspersky.com
full:p11.upd.kaspersky.com
full:p12.upd.kaspersky.com
full:p13.upd.kaspersky.com
full:p14.upd.kaspersky.com
full:p15.upd.kaspersky.com
full:p16.upd.kaspersky.com
full:p17.upd.kaspersky.com
full:p18.upd.kaspersky.com
full:p19.upd.kaspersky.com
full:s00.upd.kaspersky.com
full:s01.upd.kaspersky.com
full:s02.upd.kaspersky.com
full:s03.upd.kaspersky.com
full:s04.upd.kaspersky.com
full:s05.upd.kaspersky.com
full:s06.upd.kaspersky.com
full:s07.upd.kaspersky.com
full:s08.upd.kaspersky.com
full:s09.upd.kaspersky.com
full:s10.upd.kaspersky.com
full:s11.upd.kaspersky.com
full:s12.upd.kaspersky.com
full:s13.upd.kaspersky.com
full:s14.upd.kaspersky.com
full:s15.upd.kaspersky.com
full:s16.upd.kaspersky.com
full:s17.upd.kaspersky.com
full:s18.upd.kaspersky.com
full:s19.upd.kaspersky.com
domain:stmicroelectronics.com.cn
domain:louisvuitton.cn
domain:lvcampaign.com
full:tp.louisvuitton.com
full:sentry.iptv.rt.ru
domain:alibabacloud.co.in
domain:alibabacloud.com
domain:alibabacloud.com.au
domain:alibabacloud.com.hk
domain:alibabacloud.com.my
domain:alibabacloud.com.sg
domain:alibabacloud.com.tw
domain:alicloud.com
full:account-cn.alibabacloud.com
full:api.alibabacloud.com
full:cn.alibabacloud.com
full:status.alibabacloud.com
domain:att.cn
domain:attcorp.cn
full:www.amd.com
domain:cisco.cn
domain:cisco.com.cn
domain:network-auth.cn
domain:webex.com.cn
domain:alphassl.com
domain:easy-signing.com
domain:globalsign.cn
domain:globalsign.com
domain:globalsigncdn.com
full:cdn.globalsigncdn.com.cdn.cloudflare.net
full:crl.globalsign.net
domain:gpsonextra.net
domain:izatcloud.net
domain:qceventscenter.com.cn
domain:qualcomm.cn
domain:qualcomm.cn.cdn.cloudflare.net
domain:xtracloud.cn
domain:aboutamazon.cn
domain:alexafund.cn
domain:alexafund.com.cn
domain:amazon.cn
domain:amazonbusiness.cn
domain:amazonbusiness.com.cn
domain:amazonchoice.cn
domain:amazonchoice.com.cn
domain:amazonchoices.cn
domain:amazonchoices.com.cn
domain:amazoninspire.cn
domain:amazoninspire.com.cn
domain:amazonlaunchpad.cn
domain:amazonlaunchpad.com.cn
domain:amazonlending.com.cn
domain:amazonnow.cn
domain:amazonnow.com.cn
domain:assoc-amazon.cn
domain:primeday.cn
domain:primeday.com.cn
domain:yamaxun.cn
domain:z.cn
full:images-cn.ssl-images-amazon.com
full:images-cn-8.ssl-images-amazon.com
domain:amazon-adsystem.com
domain:serving-sys.com
domain:a2z.org.cn
domain:amazonaws.cn
domain:amazonaws.com.cn
domain:amazonwebservices.cn
domain:amazonwebservices.com.cn
domain:amazonworkdocs.cn
domain:amazonworkdocs.com.cn
domain:asfiovnxocqpcry.com.cn
domain:aws-border.cn
domain:aws-icp-domain-manager.cn
domain:awsapps.cn
domain:awsapps.com.cn
domain:awsstatic.cn
domain:cloudfront-cn.net
domain:cloudfront-test.cn
domain:cloudfront.cn
domain:nwcdcloud.cn
domain:nwcdcloud.com.cn
domain:nwcddns.cn
domain:nwcdinfosec.cn
domain:route53.cn
domain:sagemaker.com.cn
domain:amzndns-cn.biz
domain:amzndns-cn.cn
domain:amzndns-cn.com
domain:amzndns-cn.net
regex:.+\.awsdns-cn-[0-9][0-9]\.(biz|com|net|top)$
regex:.+\.awsdns-cn-[0-9][a-e0-9]\.cn$
domain:kindle.cn
domain:kindleoasis.cn
domain:kindleoasis.com.cn
domain:amazonprimevideo.cn
domain:amazonprimevideo.com.cn
full:ads-img.mozilla.org
full:ads.mozilla.org
full:incoming.telemetry.mozilla.org
full:incoming-telemetry.thunderbird.net
domain:asus.com.cn
domain:e.mindbox.ru
domain:g.mindbox.ru
domain:s.mindbox.ru
full:api-js.mindbox.ru
full:api-ru.mindbox.cloud
full:api-staging.mindbox.ru
full:api.mindbox.cloud
full:api.mindbox.ru
full:sentry.mindbox.ru
full:sentry.popmechanic.ru
domain:heptio.cn
domain:geforce.cn
domain:gputechconf.cn
domain:nvidia.cn
full:cn.download.nvidia.com
domain:yahoo.cn
domain:yahoo.com.cn
domain:ads.yahoo.com
domain:gemini.yahoo.com
domain:ysm.yahoo.com
domain:a.mts.ru
domain:obs.mts.ru
domain:teamviewer.cn
domain:panasonic.cn
